id,uuid,observed_on_string,observed_on,time_observed_at,time_zone,created_at,url,image_url,latitude,longitude,private_latitude,private_longitude,place_county_name,species_guess,scientific_name,common_name,iconic_taxon_name,taxon_id
66357,8baf60ce-b01f-466a-8e2a-b0bba6c12e01,2012-04-15,2012-04-15,,Eastern Time (US & Canada),2012-04-16 11:32:38 UTC,http://www.inaturalist.org/observations/66357,https://inaturalist-open-data.s3.amazonaws.com/photos/101043/medium.JPG,40.8069093376,-77.9145895179,,,Centre,Osmia cornifrons,Osmia cornifrons,Horn-faced Mason Bee,Insecta,121508
1695898,9f33fefc-6829-4b6d-8564-a5673e03dd31,2015-06-21 12:18:35,2015-06-21,2015-06-21 16:18:35 UTC,Eastern Time (US & Canada),2015-06-27 02:29:07 UTC,http://www.inaturalist.org/observations/1695898,https://static.inaturalist.org/photos/2053443/medium.jpg,40.7310633333,-77.7533783333,,,Centre,Osmia georgica,Osmia georgica,Georgia Mason Bee,Insecta,226669
2735164,f9f46213-b3c6-4588-a0c6-e93cf06c6c33,2015-05-10 16:15:44,2015-05-10,2015-05-10 20:15:44 UTC,Eastern Time (US & Canada),2016-03-01 18:13:04 UTC,http://www.inaturalist.org/observations/2735164,https://inaturalist-open-data.s3.amazonaws.com/photos/3086705/medium.jpg,40.30184,-75.035696,,,Bucks,Osmia cornifrons,Osmia cornifrons,Horn-faced Mason Bee,Insecta,121508
5700972,175f4aca-0f62-4d54-ac54-3e6a4dd70bd2,Fri Apr 14 2017 17:58:30 GMT-0400 (EDT),2017-04-14,2017-04-14 21:58:30 UTC,Eastern Time (US & Canada),2017-04-14 22:10:30 UTC,https://www.inaturalist.org/observations/5700972,https://static.inaturalist.org/photos/7062760/medium.jpg,40.5313482073,-80.0337606932,,,Allegheny,Osmia cornifrons,Osmia cornifrons,Horn-faced Mason Bee,Insecta,121508
11572377,b5bbc07d-4acb-499b-923d-ac927aef2164,2018/04/27 1:04 PM EDT,2018-04-27,2018-04-27 17:04:00 UTC,Eastern Time (US & Canada),2018-04-28 03:07:12 UTC,https://www.inaturalist.org/observations/11572377,https://static.inaturalist.org/photos/16527750/medium.jpeg,40.4270097061,-79.8960408568,,,Allegheny,Horned-face Bee,Osmia cornifrons,Horn-faced Mason Bee,Insecta,121508
12164118,919fe1fd-9f89-4e4b-b438-d111d15839d8,Sat May 05 2018 12:39:10 GMT-0400 (EDT),2018-05-05,2018-05-05 16:39:10 UTC,Eastern Time (US & Canada),2018-05-05 17:03:10 UTC,https://www.inaturalist.org/observations/12164118,https://inaturalist-open-data.s3.amazonaws.com/photos/17461758/medium.jpg,40.473655,-79.9137716667,,,Allegheny,Taurus Mason Bee,Osmia taurus,Taurus Mason Bee,Insecta,461507
22214731,89782923-0c6d-4224-89d6-26195e84f1cb,2019/04/08 2:49 PM EDT,2019-04-08,2019-04-08 18:49:00 UTC,Eastern Time (US & Canada),2019-04-08 23:03:11 UTC,https://www.inaturalist.org/observations/22214731,https://static.inaturalist.org/photos/34397488/medium.jpg,39.8974263107,-75.3481964897,,,Delaware,Horn-faced Mason,Osmia cornifrons,Horn-faced Mason Bee,Insecta,121508
22252847,6f20b986-8ec0-40ec-b156-fad464957dc5,2019-04-09 4:16:54 PM EDT,2019-04-09,2019-04-09 20:16:54 UTC,Eastern Time (US & Canada),2019-04-09 20:21:53 UTC,https://www.inaturalist.org/observations/22252847,https://inaturalist-open-data.s3.amazonaws.com/photos/34458453/medium.jpeg,41.2673772649,-80.446269745,,,Mercer,Hornfaced Bee,Osmia cornifrons,Horn-faced Mason Bee,Insecta,121508
22490446,9c7ca9bf-3dfe-43b5-8ffd-fcf3bb9aa18f,Sun Apr 14 2019 19:28:25 GMT-0400 (EDT),2019-04-14,2019-04-14 23:28:25 UTC,Eastern Time (US & Canada),2019-04-14 23:29:05 UTC,https://www.inaturalist.org/observations/22490446,https://static.inaturalist.org/photos/34840917/medium.jpg,39.8996262077,-76.6403731007,,,York,Hornfaced Bee,Osmia cornifrons,Horn-faced Mason Bee,Insecta,121508
22668157,face4967-006a-47fd-9d5b-469338c133b3,2019/04/18 2:03 AM EDT,2019-04-18,2019-04-18 06:03:00 UTC,Eastern Time (US & Canada),2019-04-18 18:15:49 UTC,https://www.inaturalist.org/observations/22668157,https://inaturalist-open-data.s3.amazonaws.com/photos/35121583/medium.jpeg,40.3356483,-75.9268747,,,Berks,Unequal Cellophane Bee,Osmia cornifrons,Horn-faced Mason Bee,Insecta,121508
22669921,4ec13fd3-5716-4813-833b-4a7f71eda35b,2019/04/14 5:48 PM EDT,2019-04-14,2019-04-14 21:48:00 UTC,Eastern Time (US & Canada),2019-04-18 18:56:49 UTC,https://www.inaturalist.org/observations/22669921,https://static.inaturalist.org/photos/35125649/medium.jpg,39.8981964285,-75.3475943337,,,Delaware,Taurus Mason Bee,Osmia taurus,Taurus Mason Bee,Insecta,461507
22680341,19f4803a-4bff-4269-b977-eeea4cc28967,2019/04/18 4:13 PM EDT,2019-04-18,2019-04-18 20:13:00 UTC,Eastern Time (US & Canada),2019-04-18 22:57:43 UTC,https://www.inaturalist.org/observations/22680341,https://static.inaturalist.org/photos/35142745/medium.jpg,39.8975379449,-75.3470793496,,,Delaware,Taurus Mason Bee,Osmia taurus,Taurus Mason Bee,Insecta,461507
22755416,440da32a-37e4-43ba-924b-9d75fc3443e8,2019-04-20 9:58:04 AM EDT,2019-04-20,2019-04-20 13:58:04 UTC,Eastern Time (US & Canada),2019-04-20 14:33:38 UTC,https://www.inaturalist.org/observations/22755416,https://inaturalist-open-data.s3.amazonaws.com/photos/35264812/medium.jpeg,40.33188382,-79.29855284,,,Westmoreland,Taurus Mason Bee,Osmia taurus,Taurus Mason Bee,Insecta,461507
22780688,46e4d8e2-8340-44aa-9970-5a896b158f6f,2019/04/20 12:20 PM EDT,2019-04-20,2019-04-20 16:20:00 UTC,Eastern Time (US & Canada),2019-04-20 21:55:17 UTC,https://www.inaturalist.org/observations/22780688,https://inaturalist-open-data.s3.amazonaws.com/photos/35302678/medium.jpg,40.7196594556,-79.512449174,,,Armstrong,Bufflehead Mason Bee,Osmia bucephala,Bufflehead Mason Bee,Insecta,199125
22791126,16d9f425-90ef-46eb-8d35-312cf3187eeb,2019-04-20 9:21:07 PM EDT,2019-04-20,2019-04-21 01:21:07 UTC,Eastern Time (US & Canada),2019-04-21 01:24:48 UTC,https://www.inaturalist.org/observations/22791126,https://inaturalist-open-data.s3.amazonaws.com/photos/35321090/medium.jpg,40.2098518931,-75.2792771906,,,Montgomery,Osmia lignaria lignaria,Osmia lignaria lignaria,Eastern Blue Orchard Bee,Insecta,569490
22819611,64051d6c-9ca1-4f51-bc78-34040fbc8a77,Sun Apr 21 2019 11:48:54 GMT-0400 (EDT),2019-04-21,2019-04-21 15:48:54 UTC,Eastern Time (US & Canada),2019-04-21 15:51:15 UTC,https://www.inaturalist.org/observations/22819611,https://inaturalist-open-data.s3.amazonaws.com/photos/35367562/medium.jpg,41.7837116667,-76.790445,,,Bradford,Hornfaced Bee,Osmia cornifrons,Horn-faced Mason Bee,Insecta,121508
22946174,9c216127-20a3-47cf-b0be-f48cc26ccb2e,2019-04-23 12:07:49 PM EDT,2019-04-23,2019-04-23 16:07:49 UTC,Eastern Time (US & Canada),2019-04-23 16:05:48 UTC,https://www.inaturalist.org/observations/22946174,https://inaturalist-open-data.s3.amazonaws.com/photos/35649577/medium.jpeg,40.4294433594,-79.9527740479,,,Allegheny,Hornfaced Bee,Osmia cornifrons,Horn-faced Mason Bee,Insecta,121508
23087729,04a52b34-6423-4610-85be-56ed639c0176,2019-04-25 4:08:54 PM EDT,2019-04-25,2019-04-25 20:08:54 UTC,Eastern Time (US & Canada),2019-04-26 01:46:14 UTC,https://www.inaturalist.org/observations/23087729,https://inaturalist-open-data.s3.amazonaws.com/photos/35793416/medium.jpeg,39.969165802,-75.182258606,,,Philadelphia,Hornfaced Bee,Osmia cornifrons,Horn-faced Mason Bee,Insecta,121508
23364896,2846238b-f42a-4ddd-ac0b-d21c99e87f3c,2019-04-27 9:58:19 AM EDT,2019-04-27,2019-04-27 13:58:19 UTC,Eastern Time (US & Canada),2019-04-27 14:07:03 UTC,https://www.inaturalist.org/observations/23364896,https://static.inaturalist.org/photos/36193590/medium.jpeg,39.94725249,-75.21953677,,,Philadelphia,Blue Orchard Bee,Osmia lignaria,Blue Orchard Bee,Insecta,121507
23438782,5933fa35-af61-4163-bfce-76171c77eac6,Sat Apr 27 2019 14:55:22 GMT-0400 (EDT),2019-04-27,2019-04-27 18:55:22 UTC,Eastern Time (US & Canada),2019-04-27 18:56:08 UTC,https://www.inaturalist.org/observations/23438782,https://static.inaturalist.org/photos/36297694/medium.jpg,40.4440604226,-79.9260159482,,,Allegheny,Osmia lignaria lignaria,Osmia lignaria lignaria,Eastern Blue Orchard Bee,Insecta,569490
23544977,0d5febb0-e502-4733-8420-bab00e97a482,Sat Apr 27 2019 15:04:58 GMT-0400 (EDT),2019-04-27,2019-04-27 19:04:58 UTC,Eastern Time (US & Canada),2019-04-28 02:29:32 UTC,https://www.inaturalist.org/observations/23544977,https://inaturalist-open-data.s3.amazonaws.com/photos/36457601/medium.jpg,40.507695,-80.363205,,,Beaver,Horn-faced Mason,Osmia cornifrons,Horn-faced Mason Bee,Insecta,121508
24115400,6119dc16-156a-4216-9f80-60d32815890c,2019/04/29 12:04 PM EDT,2019-04-29,2019-04-29 16:04:00 UTC,Eastern Time (US & Canada),2019-04-30 02:38:38 UTC,https://www.inaturalist.org/observations/24115400,https://inaturalist-open-data.s3.amazonaws.com/photos/37294224/medium.jpg,40.4242611102,-79.9934260146,,,Allegheny,Hornfaced Bee,Osmia cornifrons,Horn-faced Mason Bee,Insecta,121508
24293430,b0d9d61c-0270-46bd-9b1d-609cf0f373ca,2019-05-01 12:48:09 PM EDT,2019-05-01,2019-05-01 16:48:09 UTC,Eastern Time (US & Canada),2019-05-01 16:51:07 UTC,https://www.inaturalist.org/observations/24293430,https://inaturalist-open-data.s3.amazonaws.com/photos/37566629/medium.jpeg,40.6055159,-79.1820645,,,Indiana,Hornfaced Bee,Osmia cornifrons,Horn-faced Mason Bee,Insecta,121508
24383320,bac07324-4f76-4cdf-b325-a34cdabcdbb3,2019/05/02 12:51 PM EDT,2019-05-02,2019-05-02 16:51:00 UTC,Eastern Time (US & Canada),2019-05-02 17:51:19 UTC,https://www.inaturalist.org/observations/24383320,https://static.inaturalist.org/photos/37702136/medium.jpeg,41.4285778611,-79.7133635444,,,Venango,Hornfaced Bee,Osmia cornifrons,Horn-faced Mason Bee,Insecta,121508
24927334,75b9feb4-a95c-4f20-91ea-0e5440c17fe0,2019-05-10 4:23:58 PM EDT,2019-05-10,2019-05-10 20:23:58 UTC,Eastern Time (US & Canada),2019-05-11 11:26:30 UTC,https://www.inaturalist.org/observations/24927334,https://inaturalist-open-data.s3.amazonaws.com/photos/38562346/medium.jpeg,40.0702781677,-75.2319412231,,,Philadelphia,Hornfaced Bee,Osmia cornifrons,Horn-faced Mason Bee,Insecta,121508
25124751,33f62489-29ad-4d8b-aab5-99dc0fd3d553,2019/05/12 10:57 PM EDT,2019-05-12,2019-05-13 02:57:00 UTC,Eastern Time (US & Canada),2019-05-14 19:50:47 UTC,https://www.inaturalist.org/observations/25124751,https://static.inaturalist.org/photos/38885481/medium.jpeg,41.4285856801,-79.7133744398,,,Venango,Taurus Mason Bee,Osmia taurus,Taurus Mason Bee,Insecta,461507
26682380,a96bd161-0868-47b3-b17e-2d85e310efd9,2019/06/07 12:53 PM EDT,2019-06-07,2019-06-07 16:53:00 UTC,Eastern Time (US & Canada),2019-06-09 16:15:43 UTC,https://www.inaturalist.org/observations/26682380,https://inaturalist-open-data.s3.amazonaws.com/photos/41441625/medium.jpg,40.4368586739,-79.8949074518,,,Allegheny,Bufflehead Mason Bee,Osmia bucephala,Bufflehead Mason Bee,Insecta,199125
38056253,67de7ad6-1bd7-467c-a84a-29732c0c68c9,2018/04/21 3:31 AM EDT,2018-04-21,2018-04-21 07:31:00 UTC,Eastern Time (US & Canada),2020-01-28 11:59:56 UTC,https://www.inaturalist.org/observations/38056253,https://inaturalist-open-data.s3.amazonaws.com/photos/60427897/medium.jpeg,40.0500069169,-76.8303056731,,,York,Taurus Mason Bee,Osmia taurus,Taurus Mason Bee,Insecta,461507
38056387,fd71bacc-6a65-4e0c-99ee-e403cee19cbe,2018/04/21 3:31 AM EDT,2018-04-21,2018-04-21 07:31:00 UTC,Eastern Time (US & Canada),2020-01-28 12:04:54 UTC,https://www.inaturalist.org/observations/38056387,https://inaturalist-open-data.s3.amazonaws.com/photos/60428033/medium.jpeg,40.0500233424,-76.8302842154,,,York,Taurus Mason Bee,Osmia taurus,Taurus Mason Bee,Insecta,461507
41106851,51db43c7-3445-4ad2-ac33-3dc9ceb9ff94,Sun Mar 29 2020 17:18:26 GMT-0400 (EDT),2020-03-29,2020-03-29 21:18:26 UTC,Eastern Time (US & Canada),2020-03-31 15:16:18 UTC,https://www.inaturalist.org/observations/41106851,https://inaturalist-open-data.s3.amazonaws.com/photos/65182076/medium.jpg,40.39838833,-80.03952783,,,Allegheny,Horn-faced Mason,Osmia cornifrons,Horn-faced Mason Bee,Insecta,121508
41493127,001c46c4-e73f-4bcf-9c4a-f803858e63ed,Sun Apr 05 2020 15:27:05 GMT-0400 (EDT),2020-04-05,2020-04-05 19:27:05 UTC,Eastern Time (US & Canada),2020-04-05 23:37:17 UTC,https://www.inaturalist.org/observations/41493127,https://inaturalist-open-data.s3.amazonaws.com/photos/65827431/medium.jpg,41.783295,-76.79103,,,Bradford,Hornfaced Bee,Osmia cornifrons,Horn-faced Mason Bee,Insecta,121508
41561239,2f627727-f7bd-4f67-9037-cca8fe6dea84,Mon Apr 06 2020 17:36:30 GMT-0400 (EDT),2020-04-06,2020-04-06 21:36:30 UTC,Eastern Time (US & Canada),2020-04-06 21:50:16 UTC,https://www.inaturalist.org/observations/41561239,https://inaturalist-open-data.s3.amazonaws.com/photos/65940020/medium.jpg,40.2716874099,-80.1259544493,,,Washington,Horn-faced Mason,Osmia cornifrons,Horn-faced Mason Bee,Insecta,121508
41613972,0ca14f73-93f2-4f77-8ec5-15a1d07d5729,2020-04-07 11:51:27 AM EDT,2020-04-07,2020-04-07 15:51:27 UTC,Eastern Time (US & Canada),2020-04-07 15:56:39 UTC,https://www.inaturalist.org/observations/41613972,https://inaturalist-open-data.s3.amazonaws.com/photos/66015476/medium.jpeg,40.1970158921,-77.1892869473,,,Cumberland,Horn-faced Mason,Osmia cornifrons,Horn-faced Mason Bee,Insecta,121508
41616410,9b5a24b7-a41a-4de8-a5c0-3b2813e6038c,2020-04-07,2020-04-07,,UTC,2020-04-07 16:31:43 UTC,https://www.inaturalist.org/observations/41616410,https://static.inaturalist.org/photos/66019760/medium.jpeg,40.0881076572,-75.7714987546,,,Chester,Horn-faced Mason Bee,Osmia cornifrons,Horn-faced Mason Bee,Insecta,121508
41638766,adff915d-d276-400e-a123-3049a0f5dfd2,2020-04-07,2020-04-07,,UTC,2020-04-07 21:15:24 UTC,https://www.inaturalist.org/observations/41638766,https://static.inaturalist.org/photos/66055552/medium.jpeg,40.0882592513,-75.7714390755,,,Chester,Hornfaced Bee,Osmia cornifrons,Horn-faced Mason Bee,Insecta,121508
41786692,8ca2af3a-4185-4a2a-ab2a-f5eba174445e,2020/04/09 11:47 AM EDT,2020-04-09,2020-04-09 15:47:00 UTC,Eastern Time (US & Canada),2020-04-09 21:20:12 UTC,https://www.inaturalist.org/observations/41786692,https://inaturalist-open-data.s3.amazonaws.com/photos/66300664/medium.jpg,39.9061422,-75.3523866,,,Delaware,Taurus Mason Bee,Osmia taurus,Taurus Mason Bee,Insecta,461507
42064192,6a7892f6-826b-46e8-8571-9b0e09ea8943,Fri Apr 10 2020 21:27:34 GMT-0400 (EDT),2020-04-10,2020-04-11 01:27:34 UTC,Eastern Time (US & Canada),2020-04-13 03:49:59 UTC,https://www.inaturalist.org/observations/42064192,https://static.inaturalist.org/photos/66763767/medium.jpg,40.5049372429,-80.3633463245,,,Beaver,Horn-faced Mason,Osmia cornifrons,Horn-faced Mason Bee,Insecta,121508
42517810,ea7007c0-c8db-4a12-85e2-b76472f4d45f,2020-04-18 6:19:40 PM EDT,2020-04-18,2020-04-18 22:19:40 UTC,Eastern Time (US & Canada),2020-04-18 22:21:39 UTC,https://www.inaturalist.org/observations/42517810,https://inaturalist-open-data.s3.amazonaws.com/photos/67511462/medium.jpeg,40.1972411,-77.1893952,,,Cumberland,Hornfaced Bee,Osmia cornifrons,Horn-faced Mason Bee,Insecta,121508
42613344,d21cb8de-e578-445f-a303-56aff50e491f,2020-04-19 1:53:51 PM EDT,2020-04-19,2020-04-19 17:53:51 UTC,Eastern Time (US & Canada),2020-04-19 21:34:19 UTC,https://www.inaturalist.org/observations/42613344,https://inaturalist-open-data.s3.amazonaws.com/photos/67667689/medium.jpeg,40.4465083333,-75.8874805556,,,Berks,Osmia,Osmia,,Insecta,628301
42616092,eaa91c8f-ada2-4845-86af-0a56aea62638,2020-04-19 1:41:07 PM EDT,2020-04-19,2020-04-19 17:41:07 UTC,Eastern Time (US & Canada),2020-04-19 21:59:52 UTC,https://www.inaturalist.org/observations/42616092,https://inaturalist-open-data.s3.amazonaws.com/photos/67672127/medium.jpeg,40.4461611111,-75.8878583333,,,Berks,Osmia,Osmia,,Insecta,628301
42686999,37c963fc-2531-4b3d-91ec-c6f6928bd802,2020-04-20 1:42:47 PM EDT,2020-04-20,2020-04-20 17:42:47 UTC,Eastern Time (US & Canada),2020-04-20 18:24:24 UTC,https://www.inaturalist.org/observations/42686999,https://inaturalist-open-data.s3.amazonaws.com/photos/67790640/medium.jpeg,40.4462833333,-75.8878,,,Berks,Horn-faced Mason,Osmia cornifrons,Horn-faced Mason Bee,Insecta,121508
43482433,193d02dc-a76c-45ea-98c4-c60ec1edf053,2020-04-25 4:28:54 PM EDT,2020-04-25,2020-04-25 20:28:54 UTC,Eastern Time (US & Canada),2020-04-25 23:14:30 UTC,https://www.inaturalist.org/observations/43482433,https://static.inaturalist.org/photos/68989760/medium.jpg,40.068831,-75.2282309722,,,Philadelphia,Bufflehead Mason Bee,Osmia bucephala,Bufflehead Mason Bee,Insecta,199125
43502181,9b1bf4f7-cb25-4c66-9ed3-eb90366582cd,2020/04/25 9:34 AM EDT,2020-04-25,2020-04-25 13:34:00 UTC,Eastern Time (US & Canada),2020-04-26 00:42:21 UTC,https://www.inaturalist.org/observations/43502181,https://inaturalist-open-data.s3.amazonaws.com/photos/69018096/medium.jpeg,40.5309849925,-79.7963397776,,,Allegheny,Horn-faced Mason,Osmia cornifrons,Horn-faced Mason Bee,Insecta,121508
43602335,427156ec-614e-4f88-aedc-35767395eb8b,Sun Apr 26 2020 08:44:33 GMT-0400 (EDT),2020-04-26,2020-04-26 12:44:33 UTC,Eastern Time (US & Canada),2020-04-26 13:01:07 UTC,https://www.inaturalist.org/observations/43602335,https://inaturalist-open-data.s3.amazonaws.com/photos/69173343/medium.jpg,40.6926,-80.0835945,,,Butler,Hornfaced Bee,Osmia cornifrons,Horn-faced Mason Bee,Insecta,121508
44109012,f51dd7b3-229e-4c14-bee0-92faa3eaeeba,Wed Apr 08 2020 17:42:19 GMT-0400 (EDT),2020-04-08,2020-04-08 21:42:19 UTC,Eastern Time (US & Canada),2020-04-28 11:18:47 UTC,https://www.inaturalist.org/observations/44109012,https://inaturalist-open-data.s3.amazonaws.com/photos/69936671/medium.jpg,39.9816378937,-80.0297513792,,,Greene,Taurus Mason Bee,Osmia taurus,Taurus Mason Bee,Insecta,461507
44153128,65b00eff-5333-4b01-84a5-7c4a87ea295f,Tue Apr 28 2020 14:01:26 GMT-0400 (EDT),2020-04-28,2020-04-28 18:01:26 UTC,Eastern Time (US & Canada),2020-04-28 18:12:35 UTC,https://www.inaturalist.org/observations/44153128,https://inaturalist-open-data.s3.amazonaws.com/photos/70004476/medium.jpg,41.78366167,-76.790445,,,Bradford,Horn-faced Mason,Osmia cornifrons,Horn-faced Mason Bee,Insecta,121508
44255629,c4675615-3b85-4965-8749-3f28d98cddc1,2020/04/25 3:28 PM EDT,2020-04-25,2020-04-25 19:28:00 UTC,Eastern Time (US & Canada),2020-04-29 14:52:41 UTC,https://www.inaturalist.org/observations/44255629,https://inaturalist-open-data.s3.amazonaws.com/photos/70163583/medium.jpg,40.06885,-75.2281433333,,,Philadelphia,Bufflehead Mason Bee,Osmia bucephala,Bufflehead Mason Bee,Insecta,199125
44326821,9ad893ba-1275-4080-b8a4-56bfc280a9df,2020/04/29 2:22 PM UTC,2020-04-29,,UTC,2020-04-30 01:34:25 UTC,https://www.inaturalist.org/observations/44326821,https://static.inaturalist.org/photos/70272622/medium.jpeg,39.852967,-78.602762,,,Bedford,Taurus Mason Bee,Osmia taurus,Taurus Mason Bee,Insecta,461507
44473997,645b342e-405a-4015-8c62-b4ea3cfc20ae,2020-05-01 10:09:30 AM EDT,2020-05-01,2020-05-01 14:09:30 UTC,Eastern Time (US & Canada),2020-05-01 14:10:14 UTC,https://www.inaturalist.org/observations/44473997,https://inaturalist-open-data.s3.amazonaws.com/photos/70514106/medium.jpg,40.2484829862,-80.0446020439,,,Washington,Horn-faced Mason,Osmia cornifrons,Horn-faced Mason Bee,Insecta,121508
44497297,789fd8da-eef9-44af-a5bf-9152fa15443f,2020-05-01 1:00:56 PM EDT,2020-05-01,2020-05-01 17:00:56 UTC,Eastern Time (US & Canada),2020-05-01 17:57:50 UTC,https://www.inaturalist.org/observations/44497297,https://inaturalist-open-data.s3.amazonaws.com/photos/70550172/medium.jpeg,40.8042804722,-77.8637081944,,,Centre,Horn-faced Mason,Osmia cornifrons,Horn-faced Mason Bee,Insecta,121508
44628094,e678d6c1-a122-4f3b-8afe-75ec775dcea4,Sat May 02 2020 15:19:58 GMT-0400 (EDT),2020-05-02,2020-05-02 19:19:58 UTC,Eastern Time (US & Canada),2020-05-02 19:21:26 UTC,https://www.inaturalist.org/observations/44628094,https://static.inaturalist.org/photos/70753237/medium.jpg,40.3227825913,-75.4127126374,,,Montgomery,Blue Orchard Bee,Osmia lignaria,Blue Orchard Bee,Insecta,121507
44806867,89f2e01b-237c-424b-b54e-51439b982e39,2020-05-03 6:26:40 PM EDT,2020-05-03,2020-05-03 22:26:40 UTC,Eastern Time (US & Canada),2020-05-03 22:27:54 UTC,https://www.inaturalist.org/observations/44806867,https://static.inaturalist.org/photos/71030809/medium.jpeg,40.8029281,-77.876206,,,Centre,Horn-faced Mason,Osmia cornifrons,Horn-faced Mason Bee,Insecta,121508
44812944,3e079e26-f37e-4539-9c57-eb633d34886f,2020-05-03 7:15:56 PM EDT,2020-05-03,2020-05-03 23:15:56 UTC,Eastern Time (US & Canada),2020-05-03 23:19:11 UTC,https://www.inaturalist.org/observations/44812944,https://inaturalist-open-data.s3.amazonaws.com/photos/71040595/medium.jpeg,40.7750369722,-77.791893,,,Centre,Horn-faced Mason,Osmia cornifrons,Horn-faced Mason Bee,Insecta,121508
44873685,607a3270-0dcb-4503-a296-2337d31833d0,Mon May 04 2020 09:45:39 GMT-0400 (EDT),2020-05-04,2020-05-04 13:45:39 UTC,Eastern Time (US & Canada),2020-05-04 13:58:49 UTC,https://www.inaturalist.org/observations/44873685,https://static.inaturalist.org/photos/71137953/medium.jpg,40.2030747269,-75.1960429435,,,Bucks,Taurus Mason Bee,Osmia taurus,Taurus Mason Bee,Insecta,461507
44933403,cda3827e-3023-41e4-964d-3f6976db2c11,2020-05-04 8:21:57 PM EDT,2020-05-04,2020-05-05 00:21:57 UTC,Eastern Time (US & Canada),2020-05-05 00:25:10 UTC,https://www.inaturalist.org/observations/44933403,https://inaturalist-open-data.s3.amazonaws.com/photos/71233574/medium.jpeg,40.77508,-77.79176,,,Centre,Horn-faced Mason,Osmia cornifrons,Horn-faced Mason Bee,Insecta,121508
44993375,acde9d4b-9d0c-4c28-9df7-4e8467be261f,2020-05-05 1:33:47 PM EDT,2020-05-05,2020-05-05 17:33:47 UTC,Eastern Time (US & Canada),2020-05-05 17:37:14 UTC,https://www.inaturalist.org/observations/44993375,https://inaturalist-open-data.s3.amazonaws.com/photos/71332364/medium.jpeg,40.8158024034,-77.9850115255,,,Centre,Horn-faced Mason Bee,Osmia cornifrons,Horn-faced Mason Bee,Insecta,121508
45217490,b25eb026-92d8-4ff6-a824-e299a9a10d80,2020-05-07 1:55:10 PM EDT,2020-05-07,2020-05-07 17:55:10 UTC,Eastern Time (US & Canada),2020-05-07 23:07:54 UTC,https://www.inaturalist.org/observations/45217490,https://inaturalist-open-data.s3.amazonaws.com/photos/71692334/medium.jpg,40.1178621091,-79.8840352893,,,Washington,Horn-faced Mason,Osmia cornifrons,Horn-faced Mason Bee,Insecta,121508
46132951,9c7d1130-2d39-4dc5-be32-455439d0f826,2020-05-16 3:24:51 PM EDT,2020-05-16,2020-05-16 19:24:51 UTC,Eastern Time (US & Canada),2020-05-16 19:56:58 UTC,https://www.inaturalist.org/observations/46132951,https://inaturalist-open-data.s3.amazonaws.com/photos/73167688/medium.jpg,40.77486552,-77.7810343,,,Centre,Horn-faced Mason,Osmia cornifrons,Horn-faced Mason Bee,Insecta,121508
46144343,8f488fe8-99f4-47ac-a600-7d7f3949e4a2,2020-05-15 5:21:57 AM EDT,2020-05-15,2020-05-15 09:21:57 UTC,Eastern Time (US & Canada),2020-05-16 21:17:06 UTC,https://www.inaturalist.org/observations/46144343,https://static.inaturalist.org/photos/73185378/medium.jpeg,40.0923975632,-74.9833691865,,,Philadelphia,Blue Orchard Bee,Osmia lignaria,Blue Orchard Bee,Insecta,121507
46306289,37797fc2-ff8d-4fa8-a044-1a6cb4bf07eb,2020/05/16 12:56 PM HST,2020-05-16,2020-05-16 22:56:00 UTC,Hawaii,2020-05-17 22:30:56 UTC,https://www.inaturalist.org/observations/46306289,https://inaturalist-open-data.s3.amazonaws.com/photos/73427102/medium.jpeg,39.9094885916,-79.5966070625,,,Fayette,Bufflehead Mason Bee,Osmia bucephala,Bufflehead Mason Bee,Insecta,199125
47170041,e2e64b51-52ec-47b7-b643-099bf2acf2f3,2020-05-24 3:53:36 PM EDT,2020-05-24,2020-05-24 19:53:36 UTC,Eastern Time (US & Canada),2020-05-24 20:04:11 UTC,https://www.inaturalist.org/observations/47170041,https://inaturalist-open-data.s3.amazonaws.com/photos/74807241/medium.jpeg,41.3422568652,-80.4206441983,,,Mercer,Horn-faced Mason,Osmia cornifrons,Horn-faced Mason Bee,Insecta,121508
47172366,a1a83e2c-660a-438b-8ad9-705a72ff02bb,2020-05-24 3:34:42 PM EDT,2020-05-24,2020-05-24 19:34:42 UTC,Eastern Time (US & Canada),2020-05-24 20:19:36 UTC,https://www.inaturalist.org/observations/47172366,https://inaturalist-open-data.s3.amazonaws.com/photos/74810779/medium.jpeg,41.3702290199,-80.5670739593,,,Mercer,Horn-faced Mason,Osmia cornifrons,Horn-faced Mason Bee,Insecta,121508
47350689,a1974ccd-37a9-491e-b31b-c1ea96d5db62,Mon May 25 2020 13:06:06 GMT-0400 (EDT),2020-05-25,2020-05-25 17:06:06 UTC,Eastern Time (US & Canada),2020-05-26 00:58:08 UTC,https://www.inaturalist.org/observations/47350689,https://inaturalist-open-data.s3.amazonaws.com/photos/75096967/medium.jpg,41.78739167,-76.788795,,,Bradford,Horn-faced Mason,Osmia cornifrons,Horn-faced Mason Bee,Insecta,121508
47444974,cd2308dc-af75-45e7-999b-9d21b6e9e9db,2020/05/24 3:44 PM EDT,2020-05-24,2020-05-24 19:44:00 UTC,Eastern Time (US & Canada),2020-05-26 21:22:44 UTC,https://www.inaturalist.org/observations/47444974,https://static.inaturalist.org/photos/75247025/medium.jpg,40.5788590404,-79.8700981143,,,Allegheny,Osmia georgica,Osmia georgica,Georgia Mason Bee,Insecta,226669
47444978,dd593774-6f55-4303-b644-6cba2a96abdf,2020/05/24 3:44 PM EDT,2020-05-24,2020-05-24 19:44:00 UTC,Eastern Time (US & Canada),2020-05-26 21:22:48 UTC,https://www.inaturalist.org/observations/47444978,https://static.inaturalist.org/photos/75247309/medium.jpg,40.4217670592,-79.8490103386,,,Allegheny,Osmia georgica,Osmia georgica,Georgia Mason Bee,Insecta,226669
47885166,baf9ab4d-ba9b-408e-aa4e-8e91f8e26dcc,Sat May 30 2020 14:41:58 GMT-0400 (EDT),2020-05-30,2020-05-30 18:41:58 UTC,Eastern Time (US & Canada),2020-05-30 19:26:12 UTC,https://www.inaturalist.org/observations/47885166,https://inaturalist-open-data.s3.amazonaws.com/photos/75958646/medium.jpg,40.3201662843,-80.2311861423,,,Washington,Horn-faced Mason,Osmia cornifrons,Horn-faced Mason Bee,Insecta,121508
48381115,e683ef55-1d25-4c4f-9158-81f913236d9a,2020-06-03 5:10:31 PM EDT,2020-06-03,2020-06-03 21:10:31 UTC,Eastern Time (US & Canada),2020-06-03 21:59:46 UTC,https://www.inaturalist.org/observations/48381115,https://inaturalist-open-data.s3.amazonaws.com/photos/76763133/medium.jpeg,40.5742861111,-79.127625,,,Indiana,Blue Orchard Bee,Osmia lignaria,Blue Orchard Bee,Insecta,121507
48459374,56b81d2a-6f33-4191-98a8-30271c5ca88e,2020-05-27,2020-05-27,,UTC,2020-06-04 18:31:09 UTC,https://www.inaturalist.org/observations/48459374,https://inaturalist-open-data.s3.amazonaws.com/photos/76893281/medium.jpg,40.3110091862,-80.0389445946,,,Allegheny,Horn-faced Mason,Osmia cornifrons,Horn-faced Mason Bee,Insecta,121508
48731964,7beb273a-cf2a-450a-81b4-b0a9cbd66f8c,2020/06/02 7:09 PM EDT,2020-06-02,2020-06-02 23:09:00 UTC,Eastern Time (US & Canada),2020-06-07 01:59:46 UTC,https://www.inaturalist.org/observations/48731964,https://inaturalist-open-data.s3.amazonaws.com/photos/77334224/medium.jpg,39.9638404219,-77.4981957265,,,Franklin,Bufflehead Mason Bee,Osmia bucephala,Bufflehead Mason Bee,Insecta,199125
49794394,ac81f3c2-cb0b-4e5f-8bda-361111e0b568,2020-05-22 12:26:55 PM EDT,2020-05-22,2020-05-22 12:26:55 UTC,UTC,2020-06-16 01:55:51 UTC,https://www.inaturalist.org/observations/49794394,https://static.inaturalist.org/photos/79055595/medium.jpg,40.2986063559,-75.2219174802,,,Bucks,Horn-faced Mason Bee,Osmia cornifrons,Horn-faced Mason Bee,Insecta,121508
50761739,c08199f7-d852-4dba-8b16-a31e2ebbed55,2020/06/23 2:12 PM UTC,2020-06-23,,UTC,2020-06-24 11:48:35 UTC,https://www.inaturalist.org/observations/50761739,https://static.inaturalist.org/photos/80592220/medium.jpeg,39.852967,-78.602762,,,Bedford,Bufflehead Mason Bee,Osmia bucephala,Bufflehead Mason Bee,Insecta,199125
51399237,936beb4b-a227-4402-9e9d-d91f4c53de71,2020-06-29,2020-06-29,,UTC,2020-06-29 20:34:51 UTC,https://www.inaturalist.org/observations/51399237,https://static.inaturalist.org/photos/81659318/medium.jpeg,40.0881356162,-75.7714246586,,,Chester,Georgia Mason Bee,Osmia georgica,Georgia Mason Bee,Insecta,226669
55535141,d835417c-c2b9-4137-bf92-49a9587f8112,2013/05/16 1:08 PM EDT,2013-05-16,2013-05-16 17:08:00 UTC,Eastern Time (US & Canada),2020-08-05 21:23:43 UTC,https://www.inaturalist.org/observations/55535141,https://inaturalist-open-data.s3.amazonaws.com/photos/88437510/medium.jpeg,40.2748198384,-79.0125262938,,,Somerset,Bufflehead Mason Bee,Osmia bucephala,Bufflehead Mason Bee,Insecta,199125
72187709,614356bc-eb35-43d1-9da3-a31362a7b023,2021/03/27 12:59 PM EDT,2021-03-27,2021-03-27 16:59:00 UTC,Eastern Time (US & Canada),2021-03-27 18:31:03 UTC,https://www.inaturalist.org/observations/72187709,https://inaturalist-open-data.s3.amazonaws.com/photos/117651455/medium.jpg,40.7133937289,-76.8400098429,,,Northumberland,Horn-faced Mason Bee,Osmia cornifrons,Horn-faced Mason Bee,Insecta,121508
73194582,36a7c148-dfd3-4f9b-a143-94b5179409ab,2021-04-04 5:00:00 AM EDT,2021-04-04,2021-04-04 05:00:00 UTC,UTC,2021-04-07 13:21:08 UTC,https://www.inaturalist.org/observations/73194582,https://static.inaturalist.org/photos/119471374/medium.jpeg,40.2673823532,-77.1034850925,,,Cumberland,Horn-faced Mason,Osmia cornifrons,Horn-faced Mason Bee,Insecta,121508
73218491,7832a84f-54d1-4f77-90cd-0ff2481f2633,Wed Apr 07 2021 14:31:49 GMT-0400 (EDT),2021-04-07,2021-04-07 18:31:49 UTC,Eastern Time (US & Canada),2021-04-07 18:34:11 UTC,https://www.inaturalist.org/observations/73218491,https://inaturalist-open-data.s3.amazonaws.com/photos/119513486/medium.jpg,40.1220888333,-76.9676133333,,,York,Horn-faced Mason,Osmia cornifrons,Horn-faced Mason Bee,Insecta,121508
73331715,7dfbb154-8e9c-4600-92bd-9f7a06503bf6,2021-04-08 4:39:58 PM EDT,2021-04-08,2021-04-08 20:39:58 UTC,Eastern Time (US & Canada),2021-04-08 20:40:54 UTC,https://www.inaturalist.org/observations/73331715,https://static.inaturalist.org/photos/119704777/medium.jpeg,40.5294139,-79.9672587997,,,Allegheny,Horn-faced Mason,Osmia cornifrons,Horn-faced Mason Bee,Insecta,121508
73334816,ed2d90bb-800c-4d11-9e9d-a5f8614f7f74,2021/04/08 3:33 PM EDT,2021-04-08,2021-04-08 19:33:00 UTC,Eastern Time (US & Canada),2021-04-08 21:18:16 UTC,https://www.inaturalist.org/observations/73334816,https://inaturalist-open-data.s3.amazonaws.com/photos/119710174/medium.jpg,40.7133896628,-76.8399964318,,,Northumberland,Horn-faced Mason,Osmia cornifrons,Horn-faced Mason Bee,Insecta,121508
74031196,c009d5be-a367-4717-a741-800a0766b9b5,2021-04-09 6:33:10 PM EDT,2021-04-09,2021-04-09 22:33:10 UTC,Eastern Time (US & Canada),2021-04-15 11:21:27 UTC,https://www.inaturalist.org/observations/74031196,https://inaturalist-open-data.s3.amazonaws.com/photos/120948497/medium.jpeg,40.0570888889,-75.0948166667,,,Montgomery,Horn-faced Mason Bee,Osmia cornifrons,Horn-faced Mason Bee,Insecta,121508
74416842,a4a49acc-828f-465b-8eaa-ad49f9fb3be0,2021/04/18 3:08 PM EDT,2021-04-18,2021-04-18 19:08:00 UTC,Eastern Time (US & Canada),2021-04-18 19:31:49 UTC,https://www.inaturalist.org/observations/74416842,https://static.inaturalist.org/photos/121621672/medium.jpg,39.9020565,-75.3499123,,,Delaware,Georgia Mason Bee,Osmia georgica,Georgia Mason Bee,Insecta,226669
74838767,a31fef0a-393d-4526-b273-b13b60f558e9,2021/04/20 10:22 AM EDT,2021-04-20,2021-04-20 14:22:00 UTC,Eastern Time (US & Canada),2021-04-22 15:05:41 UTC,https://www.inaturalist.org/observations/74838767,https://inaturalist-open-data.s3.amazonaws.com/photos/122366790/medium.jpg,40.7133916958,-76.839985703,,,Northumberland,Horn-faced Mason,Osmia cornifrons,Horn-faced Mason Bee,Insecta,121508
74981110,ed2c3e24-b559-49a6-9bc0-a7fb0b2e316a,2021-04-22,2021-04-22,,UTC,2021-04-23 23:02:13 UTC,https://www.inaturalist.org/observations/74981110,https://static.inaturalist.org/photos/122613587/medium.jpeg,40.0881386943,-75.7713867724,,,Chester,Bufflehead Mason Bee,Osmia bucephala,Bufflehead Mason Bee,Insecta,199125
75023162,8fba5fde-bba9-49b1-a9ce-bba67a8d8176,Fri Apr 23 2021 12:14:10 GMT-0400 (EDT),2021-04-23,2021-04-23 16:14:10 UTC,Eastern Time (US & Canada),2021-04-24 11:01:35 UTC,https://www.inaturalist.org/observations/75023162,https://inaturalist-open-data.s3.amazonaws.com/photos/122689638/medium.jpg,40.0049888833,-75.2564466667,,,Montgomery,Taurus Mason Bee,Osmia taurus,Taurus Mason Bee,Insecta,461507
75338200,61d79935-e432-47c8-9fff-0cc0361cb66e,2021-04-26 2:35:13 PM EDT,2021-04-26,2021-04-26 18:35:13 UTC,Eastern Time (US & Canada),2021-04-26 18:37:00 UTC,https://www.inaturalist.org/observations/75338200,https://static.inaturalist.org/photos/123238945/medium.jpeg,40.1699386,-76.5989725997,,,Lancaster,Horn-faced Mason Bee,Osmia cornifrons,Horn-faced Mason Bee,Insecta,121508
75462793,bd2952e7-d2b8-45b2-b0af-77931b45ea67,Mon Apr 26 2021 17:19:16 GMT-0400 (EDT),2021-04-26,2021-04-26 21:19:16 UTC,Eastern Time (US & Canada),2021-04-27 20:07:06 UTC,https://www.inaturalist.org/observations/75462793,https://static.inaturalist.org/photos/123461942/medium.jpg,40.5841514904,-79.8637210441,,,Allegheny,Horn-faced Mason Bee,Osmia cornifrons,Horn-faced Mason Bee,Insecta,121508
75527336,5eb95f32-5895-4163-8327-7bac68134050,2021-04-28 06:38:50,2021-04-28,2021-04-28 10:38:50 UTC,Eastern Time (US & Canada),2021-04-28 10:45:55 UTC,https://www.inaturalist.org/observations/75527336,https://inaturalist-open-data.s3.amazonaws.com/photos/123579530/medium.jpeg,40.775103,-77.791706,,,Centre,Horn-faced Mason Bee,Osmia cornifrons,Horn-faced Mason Bee,Insecta,121508
75527452,15b75944-7692-4428-b0e6-1a3cc81b0c6c,2021-04-28 06:42:01,2021-04-28,2021-04-28 10:42:01 UTC,Eastern Time (US & Canada),2021-04-28 10:48:57 UTC,https://www.inaturalist.org/observations/75527452,https://inaturalist-open-data.s3.amazonaws.com/photos/123579734/medium.jpeg,40.7750849722,-77.791719,,,Centre,Horn-faced Mason,Osmia cornifrons,Horn-faced Mason Bee,Insecta,121508
76632524,5d4997bd-0a1d-4bb6-a84a-811702b3280e,Sun May 02 2021 14:23:48 GMT-0400 (EDT),2021-05-02,2021-05-02 18:23:48 UTC,Eastern Time (US & Canada),2021-05-02 18:25:14 UTC,https://www.inaturalist.org/observations/76632524,https://inaturalist-open-data.s3.amazonaws.com/photos/125342023/medium.jpg,40.3565146588,-75.2233866603,,,Bucks,Horn-faced Mason,Osmia cornifrons,Horn-faced Mason Bee,Insecta,121508
77136673,7c1c9a0d-4026-481f-bcf3-3195536abf96,2021/05/02 11:54 AM EDT,2021-05-02,2021-05-02 15:54:00 UTC,Eastern Time (US & Canada),2021-05-04 00:14:26 UTC,https://www.inaturalist.org/observations/77136673,https://inaturalist-open-data.s3.amazonaws.com/photos/126137431/medium.jpeg,40.2667063795,-75.3845372022,,,Montgomery,Horn-faced Mason,Osmia cornifrons,Horn-faced Mason Bee,Insecta,121508
78607853,aa8c19ea-83cb-46d2-9ed1-fdda53cd01c9,2021/05/13 2:07 PM EDT,2021-05-13,2021-05-13 18:07:00 UTC,Eastern Time (US & Canada),2021-05-13 18:42:34 UTC,https://www.inaturalist.org/observations/78607853,https://static.inaturalist.org/photos/128665375/medium.jpeg,41.4287069346,-79.7135289371,,,Venango,Horn-faced Mason Bee,Osmia cornifrons,Horn-faced Mason Bee,Insecta,121508
78634102,7649ac8e-e52c-4d4c-91b0-ed89704664f2,2021/05/12 4:46 PM EDT,2021-05-12,2021-05-12 20:46:00 UTC,Eastern Time (US & Canada),2021-05-13 22:29:23 UTC,https://www.inaturalist.org/observations/78634102,https://inaturalist-open-data.s3.amazonaws.com/photos/128710666/medium.jpeg,39.9403312039,-75.5917016426,,,Chester,Georgia Mason Bee,Osmia georgica,Georgia Mason Bee,Insecta,226669
78909556,d18baa84-2fce-46a0-a3a7-923e576573e7,Sat May 15 2021 18:33:37 GMT-0400 (EDT),2021-05-15,2021-05-15 22:33:37 UTC,Eastern Time (US & Canada),2021-05-15 22:59:02 UTC,https://www.inaturalist.org/observations/78909556,https://inaturalist-open-data.s3.amazonaws.com/photos/129191186/medium.jpg,40.3693955945,-79.5462343882,,,Westmoreland,Taurus Mason Bee,Osmia taurus,Taurus Mason Bee,Insecta,461507
79033690,552d935e-09c0-4159-a804-eeb78623330b,Sun May 16 2021 14:26:21 GMT-0400 (EDT),2021-05-16,2021-05-16 18:26:21 UTC,Eastern Time (US & Canada),2021-05-16 18:34:17 UTC,https://www.inaturalist.org/observations/79033690,https://inaturalist-open-data.s3.amazonaws.com/photos/129406513/medium.jpg,41.6533622585,-80.1419407311,,,Crawford,Taurus Mason Bee,Osmia taurus,Taurus Mason Bee,Insecta,461507
79305031,f886ec48-30ef-4d2e-b109-f8c7577cff30,Tue May 18 2021 11:24:58 GMT-0400 (EDT),2021-05-18,2021-05-18 15:24:58 UTC,Eastern Time (US & Canada),2021-05-18 18:46:07 UTC,https://www.inaturalist.org/observations/79305031,https://inaturalist-open-data.s3.amazonaws.com/photos/129884807/medium.jpg,40.0896763423,-75.3424131652,,,Philadelphia,Georgia Mason Bee,Osmia georgica,Georgia Mason Bee,Insecta,226669
81195847,ac5dd975-aafd-4426-b4e8-3d0fecd51324,2021-04-24 11:47:34 AM EDT,2021-04-24,2021-04-24 15:47:34 UTC,Eastern Time (US & Canada),2021-06-01 17:05:28 UTC,https://www.inaturalist.org/observations/81195847,https://inaturalist-open-data.s3.amazonaws.com/photos/133154456/medium.jpeg,40.3098993479,-76.8977968925,,,Cumberland,Horn-faced Mason,Osmia cornifrons,Horn-faced Mason Bee,Insecta,121508
83062580,5aac0f7e-01b4-4e41-854c-fd44006bb954,2021-04-13 17:32:05,2021-04-13,2021-04-13 21:32:05 UTC,Eastern Time (US & Canada),2021-06-14 22:32:13 UTC,https://www.inaturalist.org/observations/83062580,https://inaturalist-open-data.s3.amazonaws.com/photos/136386366/medium.jpeg,40.5197318,-78.0015953997,,,Huntingdon,Horn-faced Mason,Osmia cornifrons,Horn-faced Mason Bee,Insecta,121508
83550526,c75193e2-652c-4d1b-a273-571894d2ff11,Tue Jun 15 2021 10:14:34 GMT-0400 (EDT),2021-06-15,2021-06-15 14:14:34 UTC,Eastern Time (US & Canada),2021-06-18 20:27:13 UTC,https://www.inaturalist.org/observations/83550526,https://inaturalist-open-data.s3.amazonaws.com/photos/137231666/medium.jpg,39.8370283333,-78.0487888333,,,Fulton,Bufflehead Mason Bee,Osmia bucephala,Bufflehead Mason Bee,Insecta,199125
105638111,ce5fc4fe-b3f1-4e24-9e93-c0e26c19a31d,Sat Apr 20 2019 17:10:08 GMT-0400 (EDT),2019-04-20,2019-04-20 21:10:08 UTC,Eastern Time (US & Canada),2022-01-26 23:50:10 UTC,https://www.inaturalist.org/observations/105638111,https://inaturalist-open-data.s3.amazonaws.com/photos/177288385/medium.jpg,40.1124888333,-80.0100111167,,,Washington,Horn-faced Mason Bee,Osmia cornifrons,Horn-faced Mason Bee,Insecta,121508
107903172,89e3ce75-5e2b-455b-a14e-f0f74eb6dd22,2021/04/04 3:13 PM EDT,2021-04-04,2021-04-04 19:13:00 UTC,Eastern Time (US & Canada),2022-03-04 19:36:22 UTC,https://www.inaturalist.org/observations/107903172,https://static.inaturalist.org/photos/181568130/medium.jpg,39.9020565,-75.3499123,,,Delaware,Horn-faced Mason Bee,Osmia cornifrons,Horn-faced Mason Bee,Insecta,121508
110794137,59bce58d-2225-43d7-855e-6cd573b3eaf2,2022-04-08 09:57:23,2022-04-08,2022-04-08 13:57:23 UTC,Eastern Time (US & Canada),2022-04-08 22:51:39 UTC,https://www.inaturalist.org/observations/110794137,https://inaturalist-open-data.s3.amazonaws.com/photos/186958220/medium.jpeg,40.799807,-77.862249,,,Centre,Horn-faced Mason Bee,Osmia cornifrons,Horn-faced Mason Bee,Insecta,121508
111138394,b51df53a-b2f8-4486-9ae3-8662efd52ec5,2022-04-11 15:37:26,2022-04-11,2022-04-11 19:37:26 UTC,Eastern Time (US & Canada),2022-04-11 21:50:26 UTC,https://www.inaturalist.org/observations/111138394,https://inaturalist-open-data.s3.amazonaws.com/photos/187578047/medium.jpeg,41.40831574,-75.64635523,,,Lackawanna,Horn-faced Mason Bee,Osmia cornifrons,Horn-faced Mason Bee,Insecta,121508
111486150,3af5ab01-3160-48aa-a1c0-3209900a28e3,2022/04/13 2:39 PM EDT,2022-04-13,2022-04-13 18:39:00 UTC,Eastern Time (US & Canada),2022-04-15 03:26:24 UTC,https://www.inaturalist.org/observations/111486150,https://inaturalist-open-data.s3.amazonaws.com/photos/188208006/medium.jpg,39.8703770398,-75.5937310108,,,Delaware,Taurus Mason Bee,Osmia taurus,Taurus Mason Bee,Insecta,461507
111765263,315a5a13-94c3-40ca-8d4f-91ca2d5dcb39,2022-04-16 12:58:38-04:00,2022-04-16,2022-04-16 16:58:38 UTC,Atlantic Time (Canada),2022-04-17 11:14:52 UTC,https://www.inaturalist.org/observations/111765263,https://inaturalist-open-data.s3.amazonaws.com/photos/188717214/medium.jpg,40.0049861167,-75.2564916667,,,Montgomery,Horn-faced Mason Bee,Osmia cornifrons,Horn-faced Mason Bee,Insecta,121508
111871962,88bf1396-0f26-42cd-a55d-17b2615636d2,2022-04-14 10:10:16,2022-04-14,2022-04-14 14:10:16 UTC,Eastern Time (US & Canada),2022-04-18 01:47:41 UTC,https://www.inaturalist.org/observations/111871962,https://inaturalist-open-data.s3.amazonaws.com/photos/188908177/medium.jpeg,40.0137637997,-75.1908779997,,,Philadelphia,Bufflehead Mason Bee,Osmia bucephala,Bufflehead Mason Bee,Insecta,199125
112205523,450ebb09-cd7e-4fad-b8d3-09c23427b3c3,2022/04/20 1:32 PM,2022-04-20,2022-04-20 17:32:00 UTC,Eastern Time (US & Canada),2022-04-20 22:33:56 UTC,https://www.inaturalist.org/observations/112205523,https://static.inaturalist.org/photos/189512437/medium.jpg,39.9020565,-75.3499123,,,Delaware,Horn-faced Mason Bee,Osmia cornifrons,Horn-faced Mason Bee,Insecta,121508
112205527,fb0826f8-052e-42e6-9f0e-dd2e12342d21,2022/04/20 1:36 PM,2022-04-20,2022-04-20 17:36:00 UTC,Eastern Time (US & Canada),2022-04-20 22:33:57 UTC,https://www.inaturalist.org/observations/112205527,https://static.inaturalist.org/photos/189512482/medium.jpg,39.9020565,-75.3499123,,,Delaware,Blue Orchard Bee,Osmia lignaria,Blue Orchard Bee,Insecta,121507
112503998,6a8c3b59-f1af-456b-945d-72bcb0459003,2022-04-22 13:12:59-04:00,2022-04-22,2022-04-22 17:12:59 UTC,Eastern Time (US & Canada),2022-04-23 12:31:26 UTC,https://www.inaturalist.org/observations/112503998,https://inaturalist-open-data.s3.amazonaws.com/photos/190030813/medium.jpg,40.4640283444,-79.9335315723,,,Allegheny,Horn-faced Mason Bee,Osmia cornifrons,Horn-faced Mason Bee,Insecta,121508
113142128,df0301bb-ba9e-4e73-a44b-cf7b4c4c7660,2022/04/24 10:20 AM,2022-04-24,2022-04-24 14:20:00 UTC,Eastern Time (US & Canada),2022-04-27 21:22:00 UTC,https://www.inaturalist.org/observations/113142128,https://inaturalist-open-data.s3.amazonaws.com/photos/191162091/medium.jpeg,39.992336,-75.917467,,,Chester,Bufflehead Mason Bee,Osmia bucephala,Bufflehead Mason Bee,Insecta,199125
113144386,d3e935a4-8c1d-4826-a47f-14a96705ef3b,2022-04-22 15:42:20-04:00,2022-04-22,2022-04-22 19:42:20 UTC,Eastern Time (US & Canada),2022-04-27 21:40:42 UTC,https://www.inaturalist.org/observations/113144386,https://static.inaturalist.org/photos/191167380/medium.jpg,40.2472883333,-75.8549116667,,,Berks,Horn-faced Mason Bee,Osmia cornifrons,Horn-faced Mason Bee,Insecta,121508
113476457,a0623d20-02dc-458f-be4d-6866c8b1b974,2022-04-29 13:25:25,2022-04-29,2022-04-29 17:25:25 UTC,Eastern Time (US & Canada),2022-04-29 17:28:50 UTC,https://www.inaturalist.org/observations/113476457,https://inaturalist-open-data.s3.amazonaws.com/photos/191711363/medium.jpeg,40.4530972236,-79.8245178212,,,Allegheny,Horn-faced Mason Bee,Osmia cornifrons,Horn-faced Mason Bee,Insecta,121508
113515135,0b056342-4bde-4e6c-99da-fe321b74064b,2022-04-29 15:00:39-04:00,2022-04-29,2022-04-29 19:00:39 UTC,Eastern Time (US & Canada),2022-04-29 19:14:52 UTC,https://www.inaturalist.org/observations/113515135,https://inaturalist-open-data.s3.amazonaws.com/photos/191772212/medium.jpg,40.3289416667,-76.7307583333,,,Dauphin,Horn-faced Mason Bee,Osmia cornifrons,Horn-faced Mason Bee,Insecta,121508
113835804,c01afc53-27c3-45b2-8db7-66153c835f5b,2022-04-30 11:39:38,2022-04-30,2022-04-30 15:39:38 UTC,Eastern Time (US & Canada),2022-04-30 15:45:15 UTC,https://www.inaturalist.org/observations/113835804,https://static.inaturalist.org/photos/192285112/medium.jpeg,42.0355970577,-80.2604192868,,,Erie,Mason Bees,Osmia,Mason Bees,Insecta,57674
113978864,e3000424-31b4-4116-a89c-c1678547bf69,2022-04-30 16:44:54,2022-04-30,2022-04-30 20:44:54 UTC,Eastern Time (US & Canada),2022-04-30 21:39:36 UTC,https://www.inaturalist.org/observations/113978864,https://inaturalist-open-data.s3.amazonaws.com/photos/192511093/medium.jpeg,40.4502777778,-78.3783333333,,,Blair,Horn-faced Mason Bee,Osmia cornifrons,Horn-faced Mason Bee,Insecta,121508
114777191,1686acfd-6e39-44ce-89f4-14ebd870934d,2022/05/02 10:35 AM,2022-05-02,2022-05-02 14:35:00 UTC,Eastern Time (US & Canada),2022-05-02 17:42:57 UTC,https://www.inaturalist.org/observations/114777191,https://inaturalist-open-data.s3.amazonaws.com/photos/193771906/medium.jpg,40.2736127,-76.8631663,,,Dauphin,Mason Bees,Osmia,Mason Bees,Insecta,57674
115258997,6e5355ee-61fb-4d6e-a50d-e74892fed258,2022-04-30 11:01:08-04:00,2022-04-30,2022-04-30 15:01:08 UTC,Eastern Time (US & Canada),2022-05-04 01:11:27 UTC,https://www.inaturalist.org/observations/115258997,https://inaturalist-open-data.s3.amazonaws.com/photos/194557367/medium.jpg,40.3345775791,-74.937578427,,,Bucks,Bufflehead Mason Bee,Osmia bucephala,Bufflehead Mason Bee,Insecta,199125
115418832,10604f32-0fc8-4e13-9864-1b9fa75e5888,2022/04/30 10:18 AM,2022-04-30,2022-04-30 14:18:00 UTC,Eastern Time (US & Canada),2022-05-04 18:38:11 UTC,https://www.inaturalist.org/observations/115418832,https://inaturalist-open-data.s3.amazonaws.com/photos/194790664/medium.jpg,40.7187224409,-79.5130835514,,,Armstrong,Bufflehead Mason Bee,Osmia bucephala,Bufflehead Mason Bee,Insecta,199125
115663150,c3e070ac-e6e9-4225-863a-9536f722eb3e,2022-05-05 13:20:32-04:00,2022-05-05,2022-05-05 17:20:32 UTC,Eastern Time (US & Canada),2022-05-06 01:34:36 UTC,https://www.inaturalist.org/observations/115663150,https://static.inaturalist.org/photos/195211270/medium.jpg,40.6157633333,-79.1645361667,,,Indiana,Taurus Mason Bee,Osmia taurus,Taurus Mason Bee,Insecta,461507
115776246,2a51d059-5065-4133-9166-570660b5f039,2022-05-02 16:30:57,2022-05-02,2022-05-02 20:30:57 UTC,Eastern Time (US & Canada),2022-05-06 18:41:07 UTC,https://www.inaturalist.org/observations/115776246,https://inaturalist-open-data.s3.amazonaws.com/photos/195398237/medium.jpeg,40.0309817997,-75.1937264997,,,Philadelphia,Bufflehead Mason Bee,Osmia bucephala,Bufflehead Mason Bee,Insecta,199125
115825335,7d9b525f-6c8d-40ee-8f48-1c770e69c1c0,2022-05-05 13:20:31-04:00,2022-05-05,2022-05-05 17:20:31 UTC,Eastern Time (US & Canada),2022-05-07 00:43:00 UTC,https://www.inaturalist.org/observations/115825335,https://static.inaturalist.org/photos/195483872/medium.jpg,40.6157616667,-79.1645361667,,,Indiana,Taurus Mason Bee,Osmia taurus,Taurus Mason Bee,Insecta,461507
116443191,15f4bf74-6593-4f41-b66b-0da89f899abe,2022/04/24 12:00 PM,2022-04-24,2022-04-24 16:00:00 UTC,Eastern Time (US & Canada),2022-05-10 17:14:41 UTC,https://www.inaturalist.org/observations/116443191,https://inaturalist-open-data.s3.amazonaws.com/photos/196558662/medium.jpeg,40.0304909378,-75.8433150954,,,Chester,Bufflehead Mason Bee,Osmia bucephala,Bufflehead Mason Bee,Insecta,199125
116749552,50685ea5-f780-4049-b5a2-0de798de2da8,2022/04/29 3:17 AM,2022-04-29,2022-04-29 07:17:00 UTC,Eastern Time (US & Canada),2022-05-12 21:24:45 UTC,https://www.inaturalist.org/observations/116749552,https://static.inaturalist.org/photos/197096989/medium.jpg,40.5325386545,-79.7919855569,,,Allegheny,Bufflehead Mason Bee,Osmia bucephala,Bufflehead Mason Bee,Insecta,199125
116749559,8b049c5c-005c-4432-9617-ab3e3f7d7d3d,2022/04/29 3:29 AM,2022-04-29,2022-04-29 07:29:00 UTC,Eastern Time (US & Canada),2022-05-12 21:24:47 UTC,https://www.inaturalist.org/observations/116749559,https://static.inaturalist.org/photos/197097287/medium.jpg,40.5339472732,-79.7944517585,,,Allegheny,Bufflehead Mason Bee,Osmia bucephala,Bufflehead Mason Bee,Insecta,199125
116859201,7b84cb70-07cb-45e5-a313-bd48e34af1ae,Fri May 13 2022 13:49:05 GMT -0400 (EDT),2022-05-13,2022-05-13 17:49:05 UTC,Eastern Time (US & Canada),2022-05-13 17:49:12 UTC,https://www.inaturalist.org/observations/116859201,https://inaturalist-open-data.s3.amazonaws.com/photos/197295534/medium.jpeg,40.1454620361,-76.5877380371,,,Lancaster,Horn-faced Mason Bee,Osmia cornifrons,Horn-faced Mason Bee,Insecta,121508
117495171,60106c9a-82d5-415b-b371-d046727990aa,2022-05-17 10:50:09,2022-05-17,2022-05-17 14:50:09 UTC,Eastern Time (US & Canada),2022-05-17 20:05:26 UTC,https://www.inaturalist.org/observations/117495171,https://inaturalist-open-data.s3.amazonaws.com/photos/198435575/medium.jpeg,39.9244472,-76.6741468997,,,York,Osmia lignaria,Osmia lignaria,Blue Orchard Bee,Insecta,121507
118312165,ea961af3-2f7b-403e-bb8f-56ddb71b02f0,2022/05/22 7:49 AM,2022-05-22,2022-05-22 11:49:00 UTC,Eastern Time (US & Canada),2022-05-23 02:37:21 UTC,https://www.inaturalist.org/observations/118312165,https://inaturalist-open-data.s3.amazonaws.com/photos/199880537/medium.jpg,40.4124340605,-76.9277232984,,,Dauphin,Bufflehead Mason Bee,Osmia bucephala,Bufflehead Mason Bee,Insecta,199125
119642705,af43ceba-b9a0-45c0-88b0-c994b7d2ae55,2022-05-28 10:36:21,2022-05-28,2022-05-28 14:36:21 UTC,Eastern Time (US & Canada),2022-05-31 21:03:21 UTC,https://www.inaturalist.org/observations/119642705,https://inaturalist-open-data.s3.amazonaws.com/photos/202297048/medium.jpeg,39.9241142997,-76.6744805997,,,York,Georgia Mason Bee,Osmia georgica,Georgia Mason Bee,Insecta,226669
119745270,31b1707a-e1d5-4059-8906-4ed59a451ba3,2022-05-29 14:28:14-04:00,2022-05-29,2022-05-29 18:28:14 UTC,Eastern Time (US & Canada),2022-06-01 15:39:12 UTC,https://www.inaturalist.org/observations/119745270,https://static.inaturalist.org/photos/202458857/medium.jpg,39.9758033333,-78.4100883333,,,Bedford,Bufflehead Mason Bee,Osmia bucephala,Bufflehead Mason Bee,Insecta,199125
120695703,d18ae955-297b-497e-afa7-b72a9329bacd,2022-06-06 19:25:52-04:00,2022-06-06,2022-06-06 23:25:52 UTC,Eastern Time (US & Canada),2022-06-07 17:35:59 UTC,https://www.inaturalist.org/observations/120695703,https://inaturalist-open-data.s3.amazonaws.com/photos/204164369/medium.jpg,40.1696999879,-79.8750860885,,,Washington,Bufflehead Mason Bee,Osmia bucephala,Bufflehead Mason Bee,Insecta,199125
124093222,104e3543-0d50-4fc4-bc1d-7c8e26c1a30c,Thu Jun 30 2022 07:55:38 GMT -0400 (EDT),2022-06-30,2022-06-30 11:55:38 UTC,Eastern Time (US & Canada),2022-06-30 11:55:47 UTC,https://www.inaturalist.org/observations/124093222,https://inaturalist-open-data.s3.amazonaws.com/photos/210299578/medium.jpeg,40.4714126587,-79.9233474731,,,Allegheny,Horn-faced Mason Bee,Osmia cornifrons,Horn-faced Mason Bee,Insecta,121508
124725837,5a9cc849-8813-45ea-9993-ddb85afe7a3a,2022/05/30 11:32 AM,2022-05-30,2022-05-30 15:32:00 UTC,Eastern Time (US & Canada),2022-07-04 14:24:04 UTC,https://www.inaturalist.org/observations/124725837,https://inaturalist-open-data.s3.amazonaws.com/photos/211435364/medium.jpeg,40.1254994,-75.1074911,,,Montgomery,Georgia Mason Bee,Osmia georgica,Georgia Mason Bee,Insecta,226669
131357080,0366c723-e42d-4d81-b02f-4f2fba9817a2,2022/06/15 9:37 AM,2022-06-15,2022-06-15 13:37:00 UTC,Eastern Time (US & Canada),2022-08-18 17:50:36 UTC,https://www.inaturalist.org/observations/131357080,https://static.inaturalist.org/photos/223511671/medium.jpg,40.8059961,-77.8683613,,,Centre,Bufflehead Mason Bee,Osmia bucephala,Bufflehead Mason Bee,Insecta,199125
146654510,cbca7b3d-c99f-4175-b937-7829419204ca,2022/05/09 1:32 PM,2022-05-09,2022-05-09 17:32:00 UTC,Eastern Time (US & Canada),2023-01-16 00:50:25 UTC,https://www.inaturalist.org/observations/146654510,https://static.inaturalist.org/photos/252183356/medium.jpg,40.1207273847,-75.2362103548,,,Montgomery,Bufflehead Mason Bee,Osmia bucephala,Bufflehead Mason Bee,Insecta,199125
150093829,4274df75-a425-49d7-8a90-2f6e87e4373b,2022-06-03 15:02:50-04:00,2022-06-03,2022-06-03 19:02:50 UTC,Eastern Time (US & Canada),2023-03-03 00:16:16 UTC,https://www.inaturalist.org/observations/150093829,https://inaturalist-open-data.s3.amazonaws.com/photos/258740581/medium.jpg,40.1698240989,-79.8751015183,,,Washington,Bufflehead Mason Bee,Osmia bucephala,Bufflehead Mason Bee,Insecta,199125
151958034,77a0fa60-cc0c-4086-a3c8-e331eef5d226,2023/03/22 3:40 PM,2023-03-22,2023-03-22 19:40:00 UTC,Eastern Time (US & Canada),2023-03-22 20:14:00 UTC,https://www.inaturalist.org/observations/151958034,https://static.inaturalist.org/photos/262268803/medium.jpg,39.9020565,-75.3499123,,,Delaware,Blue Orchard Bee,Osmia lignaria,Blue Orchard Bee,Insecta,121507
152406256,977d0cd1-c13a-4a8b-b89e-911b93fc23bb,2023/03/26 2:07 PM,2023-03-26,2023-03-26 18:07:00 UTC,Eastern Time (US & Canada),2023-03-26 19:03:59 UTC,https://www.inaturalist.org/observations/152406256,https://inaturalist-open-data.s3.amazonaws.com/photos/263091792/medium.jpg,40.71446386,-76.8388826131,,,Northumberland,Horn-faced Mason Bee,Osmia cornifrons,Horn-faced Mason Bee,Insecta,121508
153487404,580b7499-6306-4e59-af27-26e647a13d18,2023-04-04 11:08:41-04:00,2023-04-04,2023-04-04 15:08:41 UTC,Eastern Time (US & Canada),2023-04-04 20:44:31 UTC,https://www.inaturalist.org/observations/153487404,https://inaturalist-open-data.s3.amazonaws.com/photos/265100929/medium.jpg,40.5036616667,-78.00356945,,,Huntingdon,Bufflehead Mason Bee,Osmia bucephala,Bufflehead Mason Bee,Insecta,199125
154608592,18e8fcc5-0864-4186-b037-5ffa79eb85e7,2023-04-12 13:37:06-04:00,2023-04-12,2023-04-12 17:37:06 UTC,Eastern Time (US & Canada),2023-04-12 20:08:37 UTC,https://www.inaturalist.org/observations/154608592,https://inaturalist-open-data.s3.amazonaws.com/photos/267160251/medium.jpg,40.1692331,-79.8750769,,,Washington,Bufflehead Mason Bee,Osmia bucephala,Bufflehead Mason Bee,Insecta,199125
154704463,0fd67643-94c2-4091-8039-3a1f336dbadb,2023-04-13 09:56:49-04:00,2023-04-13,2023-04-13 13:56:49 UTC,Eastern Time (US & Canada),2023-04-13 15:07:46 UTC,https://www.inaturalist.org/observations/154704463,https://inaturalist-open-data.s3.amazonaws.com/photos/267338072/medium.jpg,40.3286883333,-75.0672445,,,Bucks,Horn-faced Mason Bee,Osmia cornifrons,Horn-faced Mason Bee,Insecta,121508
154753650,7c841c57-5017-4135-bb3b-904fc2c75d5a,2023/04/13 4:19 AM,2023-04-13,2023-04-13 08:19:00 UTC,Eastern Time (US & Canada),2023-04-13 21:48:43 UTC,https://www.inaturalist.org/observations/154753650,https://inaturalist-open-data.s3.amazonaws.com/photos/267425967/medium.jpeg,41.2059157,-76.0660369,,,Luzerne,Taurus Mason Bee,Osmia taurus,Taurus Mason Bee,Insecta,461507
154753736,f0143f7f-1465-465d-be7e-e72eeba32453,2023/04/13 4:21 AM,2023-04-13,2023-04-13 08:21:00 UTC,Eastern Time (US & Canada),2023-04-13 21:49:21 UTC,https://www.inaturalist.org/observations/154753736,https://inaturalist-open-data.s3.amazonaws.com/photos/267426219/medium.jpeg,41.2059157,-76.0660369,,,Luzerne,Taurus Mason Bee,Osmia taurus,Taurus Mason Bee,Insecta,461507
154754070,b4d54aff-f097-4b5e-a90c-a932b3fa6bea,2023/04/13 4:17 AM,2023-04-13,2023-04-13 08:17:00 UTC,Eastern Time (US & Canada),2023-04-13 21:52:08 UTC,https://www.inaturalist.org/observations/154754070,https://inaturalist-open-data.s3.amazonaws.com/photos/267426827/medium.jpeg,41.2059157,-76.0660369,,,Luzerne,Taurus Mason Bee,Osmia taurus,Taurus Mason Bee,Insecta,461507
154829386,7aa6f619-f380-428a-a971-8f8ec2d1a3ac,2023-04-14 11:36:20-04:00,2023-04-14,2023-04-14 15:36:20 UTC,Eastern Time (US & Canada),2023-04-14 15:38:28 UTC,https://www.inaturalist.org/observations/154829386,https://inaturalist-open-data.s3.amazonaws.com/photos/267564698/medium.jpg,39.9459033333,-75.1477805,,,Philadelphia,Taurus Mason Bee,Osmia taurus,Taurus Mason Bee,Insecta,461507
154975173,ecebcf15-8047-4fe6-9b50-e68aa654ff49,2023-04-15 10:44:01,2023-04-15,2023-04-15 14:44:01 UTC,Eastern Time (US & Canada),2023-04-15 14:46:02 UTC,https://www.inaturalist.org/observations/154975173,https://static.inaturalist.org/photos/267832230/medium.jpeg,40.3344949722,-75.635316,,,Berks,Horn-faced Mason Bee,Osmia cornifrons,Horn-faced Mason Bee,Insecta,121508
155229412,a4768040-905d-43ac-8ba4-83371b5cf38b,2023/04/16 2:35 PM,2023-04-16,2023-04-16 18:35:00 UTC,Eastern Time (US & Canada),2023-04-16 21:42:31 UTC,https://www.inaturalist.org/observations/155229412,https://inaturalist-open-data.s3.amazonaws.com/photos/268295333/medium.jpeg,40.0430754398,-75.3410260349,,,Montgomery,Bufflehead Mason Bee,Osmia bucephala,Bufflehead Mason Bee,Insecta,199125
155261280,3e11e97f-942d-4ec2-83f9-8a84146fad71,2023-04-16 12:38:38-04:00,2023-04-16,2023-04-16 16:38:38 UTC,Eastern Time (US & Canada),2023-04-17 01:22:30 UTC,https://www.inaturalist.org/observations/155261280,https://inaturalist-open-data.s3.amazonaws.com/photos/268357210/medium.jpg,40.0311471667,-77.3045366667,,,Cumberland,Georgia Mason Bee,Osmia georgica,Georgia Mason Bee,Insecta,226669
155858881,12b8a54e-e982-4e4a-a0ce-7b6b51b2ce84,2023-04-20 16:31:59-04:00,2023-04-20,2023-04-20 20:31:59 UTC,Eastern Time (US & Canada),2023-04-21 07:26:39 UTC,https://www.inaturalist.org/observations/155858881,https://inaturalist-open-data.s3.amazonaws.com/photos/269458241/medium.jpg,39.9812868056,-80.030767039,,,Greene,Eastern Blue Orchard Bee,Osmia lignaria lignaria,Eastern Blue Orchard Bee,Insecta,569490
156067179,e3120c9d-68e0-45c4-9de8-4673cc2c898b,2023-04-22 11:54:27-04:00,2023-04-22,2023-04-22 15:54:27 UTC,Eastern Time (US & Canada),2023-04-22 16:04:28 UTC,https://www.inaturalist.org/observations/156067179,https://inaturalist-open-data.s3.amazonaws.com/photos/269830010/medium.jpg,40.3286866667,-75.0671388333,,,Bucks,Taurus Mason Bee,Osmia taurus,Taurus Mason Bee,Insecta,461507
156951701,80a0d52d-4a47-4d1e-9969-7172a69cf28e,2023/04/27 1:30 PM,2023-04-27,2023-04-27 17:30:00 UTC,Eastern Time (US & Canada),2023-04-27 21:39:03 UTC,https://www.inaturalist.org/observations/156951701,https://inaturalist-open-data.s3.amazonaws.com/photos/271438156/medium.jpeg,40.4519109357,-78.3791042535,,,Blair,Georgia Mason Bee,Osmia georgica,Georgia Mason Bee,Insecta,226669
158841190,915eb711-4e1c-4c13-a7d9-b55b419ad3d9,2023-05-01 16:30:28-04:00,2023-05-01,2023-05-01 20:30:28 UTC,Eastern Time (US & Canada),2023-05-01 20:33:09 UTC,https://www.inaturalist.org/observations/158841190,https://inaturalist-open-data.s3.amazonaws.com/photos/274455999/medium.jpg,40.2521383333,-79.239655,,,Westmoreland,Horn-faced Mason Bee,Osmia cornifrons,Horn-faced Mason Bee,Insecta,121508
159746604,ce1d7d08-22fd-4fff-a970-a285c59b1b21,2023-05-04 15:42:53,2023-05-04,2023-05-04 19:42:53 UTC,Eastern Time (US & Canada),2023-05-04 22:23:54 UTC,https://www.inaturalist.org/observations/159746604,https://inaturalist-open-data.s3.amazonaws.com/photos/276016789/medium.jpeg,41.2187777778,-75.8420550833,,,Luzerne,Eastern Blue Orchard Bee,Osmia lignaria lignaria,Eastern Blue Orchard Bee,Insecta,569490
160067549,ffa5acd4-5cbf-4561-82e4-2ca6fd280a2d,Fri May 05 2023 20:50:39 GMT -0400 (EDT),2023-05-05,2023-05-06 00:50:39 UTC,Eastern Time (US & Canada),2023-05-06 13:31:34 UTC,https://www.inaturalist.org/observations/160067549,https://inaturalist-open-data.s3.amazonaws.com/photos/277312352/medium.jpg,40.8537597656,-77.2966918945,,,Union,Taurus Mason Bee,Osmia taurus,Taurus Mason Bee,Insecta,461507
160068878,9dd06b95-e571-4a3b-aa7c-4823a285ab35,Fri May 05 2023 20:26:30 GMT -0400 (EDT),2023-05-05,2023-05-06 00:26:30 UTC,Eastern Time (US & Canada),2023-05-06 13:39:40 UTC,https://www.inaturalist.org/observations/160068878,https://inaturalist-open-data.s3.amazonaws.com/photos/277311325/medium.jpg,40.8549499512,-77.1659240723,,,Union,Taurus Mason Bee,Osmia taurus,Taurus Mason Bee,Insecta,461507
160611728,ccbf9c97-beae-467c-aa70-f17bfecd7f7f,2023-05-08 15:03:54-04:00,2023-05-08,2023-05-08 19:03:54 UTC,Eastern Time (US & Canada),2023-05-08 19:05:12 UTC,https://www.inaturalist.org/observations/160611728,https://static.inaturalist.org/photos/277548826/medium.jpg,40.5682172595,-79.9211566989,,,Allegheny,Taurus Mason Bee,Osmia taurus,Taurus Mason Bee,Insecta,461507
161070844,b9e43cc1-95ab-47b1-af2c-f8defd62b4a6,2023/05/10,2023-05-10,,Eastern Time (US & Canada),2023-05-11 13:40:47 UTC,https://www.inaturalist.org/observations/161070844,https://inaturalist-open-data.s3.amazonaws.com/photos/278383299/medium.jpeg,40.6259316,-75.3704579,,,Northampton,Horn-faced Mason Bee,Osmia cornifrons,Horn-faced Mason Bee,Insecta,121508
161865941,e48e142a-6c2b-4566-9b3d-86676357745c,2023-05-12 14:41:29-04:00,2023-05-12,2023-05-12 18:41:29 UTC,Eastern Time (US & Canada),2023-05-15 20:39:36 UTC,https://www.inaturalist.org/observations/161865941,https://inaturalist-open-data.s3.amazonaws.com/photos/279818976/medium.jpg,39.94552,-75.9711,,,Chester,Georgia Mason Bee,Osmia georgica,Georgia Mason Bee,Insecta,226669
161911282,b50d6438-10f5-452c-8ed9-753385a850bc,2023/05/15 10:17 AM,2023-05-15,2023-05-15 14:17:00 UTC,Eastern Time (US & Canada),2023-05-16 01:59:36 UTC,https://www.inaturalist.org/observations/161911282,https://inaturalist-open-data.s3.amazonaws.com/photos/279905255/medium.jpeg,41.2192717879,-75.8385894041,,,Luzerne,Taurus Mason Bee,Osmia taurus,Taurus Mason Bee,Insecta,461507
161911435,336055f3-e7fb-4908-a631-6ecaca94a26f,2023/05/15 10:17 AM,2023-05-15,2023-05-15 14:17:00 UTC,Eastern Time (US & Canada),2023-05-16 02:00:08 UTC,https://www.inaturalist.org/observations/161911435,https://inaturalist-open-data.s3.amazonaws.com/photos/279905414/medium.jpeg,41.217526882,-75.8413442587,,,Luzerne,Taurus Mason Bee,Osmia taurus,Taurus Mason Bee,Insecta,461507
161911515,46cc4e14-fe25-49cf-a4f9-9e6ada77770c,2023-04-10 16:08:17-04:00,2023-04-10,2023-04-10 20:08:17 UTC,Eastern Time (US & Canada),2023-05-16 02:00:43 UTC,https://www.inaturalist.org/observations/161911515,https://inaturalist-open-data.s3.amazonaws.com/photos/279905638/medium.jpg,40.1693331455,-79.8751396907,,,Washington,Horn-faced Mason Bee,Osmia cornifrons,Horn-faced Mason Bee,Insecta,121508
161911760,98ec093a-e783-43bc-a50e-2c87ec5217eb,2023-04-20 10:37:00-04:00,2023-04-20,2023-04-20 14:37:00 UTC,Eastern Time (US & Canada),2023-05-16 02:02:25 UTC,https://www.inaturalist.org/observations/161911760,https://inaturalist-open-data.s3.amazonaws.com/photos/279906010/medium.jpg,40.1693168115,-79.8751637382,,,Washington,Bufflehead Mason Bee,Osmia bucephala,Bufflehead Mason Bee,Insecta,199125
161954703,edfe8363-8c1c-43ac-b280-081365910b83,2023/05/15 11:33 AM,2023-05-15,2023-05-15 15:33:00 UTC,Eastern Time (US & Canada),2023-05-16 11:19:07 UTC,https://www.inaturalist.org/observations/161954703,https://inaturalist-open-data.s3.amazonaws.com/photos/279987630/medium.jpeg,41.2194634223,-75.8436617634,,,Luzerne,Taurus Mason Bee,Osmia taurus,Taurus Mason Bee,Insecta,461507
163335659,598fe9bb-79e5-45ae-909c-7c3de9421cfd,2023-05-23 12:54:59-04:00,2023-05-23,2023-05-23 16:54:59 UTC,Eastern Time (US & Canada),2023-05-23 16:55:31 UTC,https://www.inaturalist.org/observations/163335659,https://inaturalist-open-data.s3.amazonaws.com/photos/282492166/medium.jpg,40.6952329424,-75.2110093148,,,Northampton,Georgia Mason Bee,Osmia georgica,Georgia Mason Bee,Insecta,226669
163428451,78bc60a7-033d-4408-aa9f-410b76387276,2023-05-23 05:11:01,2023-05-23,2023-05-23 09:11:01 UTC,Eastern Time (US & Canada),2023-05-24 03:36:11 UTC,https://www.inaturalist.org/observations/163428451,https://static.inaturalist.org/photos/282664763/medium.jpeg,39.763279019,-76.3799203187,,,York,Georgia Mason Bee,Osmia georgica,Georgia Mason Bee,Insecta,226669
165311316,bbd1e9e4-e55e-4629-bcd8-50149ef04b35,2023-06-02 16:28:43-04:00,2023-06-02,2023-06-02 20:28:43 UTC,Eastern Time (US & Canada),2023-06-03 14:36:53 UTC,https://www.inaturalist.org/observations/165311316,https://inaturalist-open-data.s3.amazonaws.com/photos/286144379/medium.jpg,40.0492333333,-75.2189383333,,,Philadelphia,Georgia Mason Bee,Osmia georgica,Georgia Mason Bee,Insecta,226669
166342379,dd239d2e-a9bf-4aa5-b689-4b7e8bb7a555,2023/06/04 6:05 PM,2023-06-04,2023-06-04 22:05:00 UTC,Eastern Time (US & Canada),2023-06-09 01:20:41 UTC,https://www.inaturalist.org/observations/166342379,https://inaturalist-open-data.s3.amazonaws.com/photos/288043473/medium.jpeg,40.8061397066,-77.8677189884,,,Centre,Georgia Mason Bee,Osmia georgica,Georgia Mason Bee,Insecta,226669
167043029,7badb25b-735e-4386-86f3-6d405dafb444,2023-06-10 22:19:12,2023-06-10,2023-06-11 02:19:12 UTC,Eastern Time (US & Canada),2023-06-12 17:09:58 UTC,https://www.inaturalist.org/observations/167043029,https://static.inaturalist.org/photos/289324718/medium.jpeg,39.763279019,-76.3799203187,,,York,Georgia Mason Bee,Osmia georgica,Georgia Mason Bee,Insecta,226669
167927481,f4abcc2e-bd3b-45f0-a993-3d7e30b23d84,2023/05/22 8:56 AM,2023-05-22,2023-05-22 12:56:00 UTC,Eastern Time (US & Canada),2023-06-17 18:17:02 UTC,https://www.inaturalist.org/observations/167927481,https://inaturalist-open-data.s3.amazonaws.com/photos/290958630/medium.jpg,40.2931246459,-75.0622501905,,,Bucks,Horn-faced Mason Bee,Osmia cornifrons,Horn-faced Mason Bee,Insecta,121508
168759156,2a9cb16a-fba9-427f-a689-eaefb9f14278,2023-06-20 16:13:50-04:00,2023-06-20,2023-06-20 20:13:50 UTC,Eastern Time (US & Canada),2023-06-22 01:57:50 UTC,https://www.inaturalist.org/observations/168759156,https://inaturalist-open-data.s3.amazonaws.com/photos/292511542/medium.jpg,40.1692871383,-79.8751298827,,,Washington,Bufflehead Mason Bee,Osmia bucephala,Bufflehead Mason Bee,Insecta,199125
169066948,4752fc9c-4c12-4157-8035-d377120858a6,2022/04/16 9:49 AM,2022-04-16,2022-04-16 13:49:00 UTC,Eastern Time (US & Canada),2023-06-23 21:18:50 UTC,https://www.inaturalist.org/observations/169066948,https://inaturalist-open-data.s3.amazonaws.com/photos/293072194/medium.jpg,39.951373,-75.4440435,,,Delaware,Bufflehead Mason Bee,Osmia bucephala,Bufflehead Mason Bee,Insecta,199125
169156708,10ceaa8a-02d2-435f-9b57-079ea8f31e15,2023-06-23 18:43:43,2023-06-23,2023-06-23 22:43:43 UTC,Eastern Time (US & Canada),2023-06-24 12:02:21 UTC,https://www.inaturalist.org/observations/169156708,https://static.inaturalist.org/photos/293242193/medium.jpeg,40.4491748089,-80.1924880242,,,Allegheny,Bufflehead Mason Bee,Osmia bucephala,Bufflehead Mason Bee,Insecta,199125
169156843,0d9cd8f3-40bf-49f9-8570-8216e1448f08,2023-06-23 18:43:44,2023-06-23,2023-06-23 22:43:44 UTC,Eastern Time (US & Canada),2023-06-24 12:03:41 UTC,https://www.inaturalist.org/observations/169156843,https://static.inaturalist.org/photos/293242444/medium.jpeg,40.5143984055,-80.0154350314,,,Allegheny,Bufflehead Mason Bee,Osmia bucephala,Bufflehead Mason Bee,Insecta,199125
174199643,65fbc667-1a0a-4101-924a-e3cfd1a04595,2022/05/11 12:14 PM,2022-05-11,2022-05-11 16:14:00 UTC,Eastern Time (US & Canada),2023-07-22 01:52:55 UTC,https://www.inaturalist.org/observations/174199643,https://inaturalist-open-data.s3.amazonaws.com/photos/302610306/medium.jpeg,40.2475509204,-75.6192848841,,,Berks,Horn-faced Mason Bee,Osmia cornifrons,Horn-faced Mason Bee,Insecta,121508
195509660,a3f33188-1244-474b-a07e-fe3d87127395,2023-04-09 13:15:22-04:00,2023-04-09,2023-04-09 17:15:22 UTC,Eastern Time (US & Canada),2024-01-01 22:28:16 UTC,https://www.inaturalist.org/observations/195509660,https://static.inaturalist.org/photos/343971066/medium.jpg,40.1511143061,-76.2970374217,,,Lancaster,Horn-faced Mason Bee,Osmia cornifrons,Horn-faced Mason Bee,Insecta,121508
201474329,a34b5e16-7a4b-42ec-9e13-d545118f3790,2023-06-26 16:23:14-04:00,2023-06-26,2023-06-26 20:23:14 UTC,Eastern Time (US & Canada),2024-03-06 14:05:44 UTC,https://www.inaturalist.org/observations/201474329,https://inaturalist-open-data.s3.amazonaws.com/photos/355659026/medium.jpg,40.3416716667,-78.94638,,,Cambria,Bufflehead Mason Bee,Osmia bucephala,Bufflehead Mason Bee,Insecta,199125
202773465,58a3714f-cd25-43b4-ada7-153121fe769f,2024/03/13 10:20,2024-03-13,2024-03-13 14:20:00 UTC,Eastern Time (US & Canada),2024-03-17 05:16:58 UTC,https://www.inaturalist.org/observations/202773465,https://inaturalist-open-data.s3.amazonaws.com/photos/358167214/medium.jpg,40.8013241761,-77.8654135221,,,Centre,Osmia cornifrons,Osmia cornifrons,Horn-faced Mason Bee,Insecta,121508
202846985,d35391ff-eba8-4c25-bbe0-f63bf341743b,2024-03-13 10:20:00,2024-03-13,2024-03-13 14:20:00 UTC,Eastern Time (US & Canada),2024-03-17 17:44:11 UTC,https://www.inaturalist.org/observations/202846985,https://inaturalist-open-data.s3.amazonaws.com/photos/358304726/medium.jpeg,40.8017052876,-77.8655214608,,,Centre,Osmia cornifrons,Osmia cornifrons,Horn-faced Mason Bee,Insecta,121508
202856066,f63cae5f-16c1-46a9-8810-9f087ee68d09,2024-03-13 00:30:00,2024-03-13,2024-03-13 04:30:00 UTC,Eastern Time (US & Canada),2024-03-17 18:40:47 UTC,https://www.inaturalist.org/observations/202856066,https://inaturalist-open-data.s3.amazonaws.com/photos/358321413/medium.jpeg,40.8038663241,-77.863576524,,,Centre,Osmia cornifrons,Osmia cornifrons,Horn-faced Mason Bee,Insecta,121508
203302555,d5ff969d-f56e-49ba-9204-a29d67744f39,2024-03-14 11:20:00,2024-03-14,2024-03-14 15:20:00 UTC,Eastern Time (US & Canada),2024-03-21 01:14:56 UTC,https://www.inaturalist.org/observations/203302555,https://inaturalist-open-data.s3.amazonaws.com/photos/359176883/medium.jpeg,40.8018504586,-77.8649514914,,,Centre,Osmia cornifrons,Osmia cornifrons,Horn-faced Mason Bee,Insecta,121508
203302667,de8fafd1-21f3-4b1e-8092-d933a3c5bb42,2024-03-14 10:45:00,2024-03-14,2024-03-14 14:45:00 UTC,Eastern Time (US & Canada),2024-03-21 01:16:44 UTC,https://www.inaturalist.org/observations/203302667,https://inaturalist-open-data.s3.amazonaws.com/photos/359177225/medium.jpeg,40.8018504586,-77.8649514914,,,Centre,Osmia cornifrons,Osmia cornifrons,Horn-faced Mason Bee,Insecta,121508
203302714,413920b0-55b8-48f8-8d9e-1a78925dec6f,2024-03-14 22:50:00,2024-03-14,2024-03-15 02:50:00 UTC,Eastern Time (US & Canada),2024-03-21 01:17:26 UTC,https://www.inaturalist.org/observations/203302714,https://inaturalist-open-data.s3.amazonaws.com/photos/359177355/medium.jpeg,40.8018504586,-77.8649514914,,,Centre,Osmia cornifrons,Osmia cornifrons,Horn-faced Mason Bee,Insecta,121508
203302822,2ed85f00-ae45-44ed-9066-386a6bb293e7,2024-03-14 12:20:00,2024-03-14,2024-03-14 16:20:00 UTC,Eastern Time (US & Canada),2024-03-21 01:18:39 UTC,https://www.inaturalist.org/observations/203302822,https://inaturalist-open-data.s3.amazonaws.com/photos/359177608/medium.jpeg,40.8018504586,-77.8649514914,,,Centre,Osmia cornifrons,Osmia cornifrons,Horn-faced Mason Bee,Insecta,121508
203302885,d27a6fb7-db12-4cba-99f2-8322bcceafc2,2024-03-14 12:30:00,2024-03-14,2024-03-14 16:30:00 UTC,Eastern Time (US & Canada),2024-03-21 01:19:20 UTC,https://www.inaturalist.org/observations/203302885,https://inaturalist-open-data.s3.amazonaws.com/photos/359177734/medium.jpeg,40.8018504586,-77.8649514914,,,Centre,Osmia cornifrons,Osmia cornifrons,Horn-faced Mason Bee,Insecta,121508
203302939,c0a76a86-df8d-47f0-8214-bb4a513df80b,2024-03-14 10:30:00,2024-03-14,2024-03-14 14:30:00 UTC,Eastern Time (US & Canada),2024-03-21 01:20:08 UTC,https://www.inaturalist.org/observations/203302939,https://inaturalist-open-data.s3.amazonaws.com/photos/359177846/medium.jpeg,40.8018504586,-77.8649514914,,,Centre,Osmia cornifrons,Osmia cornifrons,Horn-faced Mason Bee,Insecta,121508
204440432,251bf01d-66ca-426c-b67d-867d9d09f34d,2024/03/29 3:37 PM,2024-03-29,2024-03-29 19:37:00 UTC,Eastern Time (US & Canada),2024-03-29 19:37:38 UTC,https://www.inaturalist.org/observations/204440432,https://inaturalist-open-data.s3.amazonaws.com/photos/361361553/medium.jpg,40.7134059273,-76.8400044785,,,Northumberland,Horn-faced Mason Bee,Osmia cornifrons,Horn-faced Mason Bee,Insecta,121508
205600355,b84f62eb-a7ba-4e74-bc80-85f5d56ee2c7,2024/04/05 11:15 AM,2024-04-05,2024-04-05 15:15:00 UTC,Eastern Time (US & Canada),2024-04-06 01:54:19 UTC,https://www.inaturalist.org/observations/205600355,https://inaturalist-open-data.s3.amazonaws.com/photos/363560368/medium.jpg,39.8923335686,-75.2577020754,,,Philadelphia,Blue Orchard Bee,Osmia lignaria,Blue Orchard Bee,Insecta,121507
206354887,91a37cb2-40fc-4d19-827d-f9af420340fd,2024/04/09 3:23 PM,2024-04-09,2024-04-09 19:23:00 UTC,Eastern Time (US & Canada),2024-04-10 02:25:58 UTC,https://www.inaturalist.org/observations/206354887,https://inaturalist-open-data.s3.amazonaws.com/photos/364971654/medium.jpg,39.8921688635,-75.2575570228,,,Philadelphia,Blue Orchard Bee,Osmia lignaria,Blue Orchard Bee,Insecta,121507
213680419,173bae75-02b0-47ee-8123-35bf27fdf733,2024-04-24 11:37:38-04:00,2024-04-24,2024-04-24 15:37:38 UTC,Eastern Time (US & Canada),2024-05-05 13:31:15 UTC,https://www.inaturalist.org/observations/213680419,https://inaturalist-open-data.s3.amazonaws.com/photos/377647252/medium.jpg,41.2691384379,-79.3031512388,,,Clarion,Bufflehead Mason Bee,Osmia bucephala,Bufflehead Mason Bee,Insecta,199125
214622180,afb3c6e6-94a0-4ab2-a390-7c5e9cd245e5,2024-05-09 13:03:06-04:00,2024-05-09,2024-05-09 17:03:06 UTC,Eastern Time (US & Canada),2024-05-09 17:17:54 UTC,https://www.inaturalist.org/observations/214622180,https://inaturalist-open-data.s3.amazonaws.com/photos/379371815/medium.jpg,40.1690833333,-79.8751,,,Washington,Bufflehead Mason Bee,Osmia bucephala,Bufflehead Mason Bee,Insecta,199125
214683893,f8d095fe-2ec0-4c02-88d5-90b8deef26f6,2024/05/09 1:10 PM,2024-05-09,2024-05-09 17:10:00 UTC,Eastern Time (US & Canada),2024-05-09 22:55:28 UTC,https://www.inaturalist.org/observations/214683893,https://inaturalist-open-data.s3.amazonaws.com/photos/379488729/medium.jpg,40.2989951,-75.1810063,,,Bucks,Blue Orchard Bee,Osmia lignaria,Blue Orchard Bee,Insecta,121507
217599283,b828b8dc-2ced-492b-a45b-b800aa9ee295,2024-05-22 13:42:48-04:00,2024-05-22,2024-05-22 17:42:48 UTC,Eastern Time (US & Canada),2024-05-23 00:06:56 UTC,https://www.inaturalist.org/observations/217599283,https://inaturalist-open-data.s3.amazonaws.com/photos/384965096/medium.jpg,40.3285133333,-76.7301716667,,,Dauphin,Bufflehead Mason Bee,Osmia bucephala,Bufflehead Mason Bee,Insecta,199125
217602922,353cd143-6608-4733-8ba5-72ab9f8160fa,2024/05/22 11:16 AM,2024-05-22,2024-05-22 15:16:00 UTC,Eastern Time (US & Canada),2024-05-23 00:32:46 UTC,https://www.inaturalist.org/observations/217602922,https://inaturalist-open-data.s3.amazonaws.com/photos/384971094/medium.jpg,40.0308951097,-75.3927241905,,,Delaware,Georgia Mason Bee,Osmia georgica,Georgia Mason Bee,Insecta,226669
218103295,8a7a04b3-091c-4c34-9bdb-eb00a3c6edf8,2024-05-24 15:23:23-04:00,2024-05-24,2024-05-24 19:23:23 UTC,Eastern Time (US & Canada),2024-05-25 13:21:55 UTC,https://www.inaturalist.org/observations/218103295,https://inaturalist-open-data.s3.amazonaws.com/photos/385915699/medium.jpg,40.3285133333,-76.7302033333,,,Dauphin,Bufflehead Mason Bee,Osmia bucephala,Bufflehead Mason Bee,Insecta,199125
218201319,95c8551d-615f-42bc-9dd7-d34ac5a987c5,2024-05-24 15:21:15-04:00,2024-05-24,2024-05-24 19:21:15 UTC,Eastern Time (US & Canada),2024-05-25 20:15:49 UTC,https://www.inaturalist.org/observations/218201319,https://inaturalist-open-data.s3.amazonaws.com/photos/386092833/medium.jpg,40.3285716667,-76.7302166667,,,Dauphin,Bufflehead Mason Bee,Osmia bucephala,Bufflehead Mason Bee,Insecta,199125
221940177,83c19158-396a-4004-99c6-63fc603ac713,2024/06/10 1:44 PM,2024-06-10,2024-06-10 17:44:00 UTC,Eastern Time (US & Canada),2024-06-11 00:58:58 UTC,https://www.inaturalist.org/observations/221940177,https://inaturalist-open-data.s3.amazonaws.com/photos/393081846/medium.jpeg,40.507509752,-75.2210435038,,,Bucks,Bufflehead Mason Bee,Osmia bucephala,Bufflehead Mason Bee,Insecta,199125
234610536,2d696987-7d47-4bf0-9f30-ce524bf6a8b7,2024/05/21 8:07 PM,2024-05-21,2024-05-22 00:07:00 UTC,Eastern Time (US & Canada),2024-08-09 00:09:41 UTC,https://www.inaturalist.org/observations/234610536,https://inaturalist-open-data.s3.amazonaws.com/photos/417104796/medium.jpeg,40.283305,-76.834981,,,Dauphin,Georgia Mason Bee,Osmia georgica,Georgia Mason Bee,Insecta,226669
234682203,d532a77f-aca1-48a5-877d-96c81268abd6,2024/05/01 11:43 AM,2024-05-01,2024-05-01 15:43:00 UTC,Eastern Time (US & Canada),2024-08-09 12:52:51 UTC,https://www.inaturalist.org/observations/234682203,https://inaturalist-open-data.s3.amazonaws.com/photos/417248090/medium.jpeg,40.283305,-76.834981,,,Dauphin,Horn-faced Mason Bee,Osmia cornifrons,Horn-faced Mason Bee,Insecta,121508
235749974,eb6ddea7-1dec-4cae-a578-801b28e9ae4e,2023/06/24 12:54 PM,2023-06-24,2023-06-24 16:54:00 UTC,Eastern Time (US & Canada),2024-08-14 16:55:31 UTC,https://www.inaturalist.org/observations/235749974,https://inaturalist-open-data.s3.amazonaws.com/photos/419307569/medium.jpg,40.283405,-76.834987,,,Dauphin,Mason Bees,Osmia,Mason Bees,Insecta,57674
247348464,6918942d-576f-44d3-bbfa-a568253da54f,2024/04/26 6:24 PM,2024-04-26,2024-04-26 22:24:00 UTC,Eastern Time (US & Canada),2024-10-14 18:17:03 UTC,https://www.inaturalist.org/observations/247348464,https://inaturalist-open-data.s3.amazonaws.com/photos/441749266/medium.jpeg,40.2834265301,-76.8349897977,,,Dauphin,Taurus Mason Bee,Osmia taurus,Taurus Mason Bee,Insecta,461507
253303306,8addc9e7-b32b-4321-a6cb-e242733c8450,2024/05/08 12:58 PM,2024-05-08,2024-05-08 16:58:00 UTC,Eastern Time (US & Canada),2024-11-27 17:00:45 UTC,https://www.inaturalist.org/observations/253303306,https://inaturalist-open-data.s3.amazonaws.com/photos/453524178/medium.jpeg,40.2834265301,-76.8349897977,,,Dauphin,Georgia Mason Bee,Osmia georgica,Georgia Mason Bee,Insecta,226669
264799346,659a8da8-7194-4872-8a73-a90ffe151439,2024/04/09 3:50 PM,2024-04-09,2024-04-09 19:50:00 UTC,Eastern Time (US & Canada),2025-03-10 13:18:25 UTC,https://www.inaturalist.org/observations/264799346,https://inaturalist-open-data.s3.amazonaws.com/photos/475524016/medium.jpg,40.7933949,-77.8600012,,,Centre,Taurus Mason Bee,Osmia taurus,Taurus Mason Bee,Insecta,461507
267551721,e0256e2b-a8e0-43ca-854b-d1cc654f6d99,2025-03-29 13:08:22,2025-03-29,2025-03-29 17:08:22 UTC,Eastern Time (US & Canada),2025-03-29 18:15:37 UTC,https://www.inaturalist.org/observations/267551721,https://inaturalist-open-data.s3.amazonaws.com/photos/480825432/medium.jpeg,40.7224287,-75.6622581997,,,Lehigh,Blue Orchard Bee,Osmia lignaria,Blue Orchard Bee,Insecta,121507
268154705,d324fbd2-a596-4d45-a714-9f0f5763c18e,2025/03/30 3:48 PM,2025-03-30,2025-03-30 19:48:00 UTC,Eastern Time (US & Canada),2025-04-02 00:41:56 UTC,https://www.inaturalist.org/observations/268154705,https://static.inaturalist.org/photos/481974727/medium.jpg,39.7632793506,-76.37992018,,,York,Horn-faced Mason Bee,Osmia cornifrons,Horn-faced Mason Bee,Insecta,121508
269181416,1287168e-cf9a-4cf0-9e40-46e43b88e52c,2025-04-07 15:11:37-04:00,2025-04-07,2025-04-07 19:11:37 UTC,Eastern Time (US & Canada),2025-04-07 20:41:32 UTC,https://www.inaturalist.org/observations/269181416,https://inaturalist-open-data.s3.amazonaws.com/photos/483954496/medium.jpg,40.8621297952,-77.2716968755,,,Union,Horn-faced Mason Bee,Osmia cornifrons,Horn-faced Mason Bee,Insecta,121508
269277099,4a642b63-7c6d-40fa-b27b-1549d3e49147,2025-04-08 08:37:18-04:00,2025-04-08,2025-04-08 12:37:18 UTC,Eastern Time (US & Canada),2025-04-08 12:39:02 UTC,https://www.inaturalist.org/observations/269277099,https://inaturalist-open-data.s3.amazonaws.com/photos/484142550/medium.jpg,40.8621290316,-77.2716971387,,,Union,Horn-faced Mason Bee,Osmia cornifrons,Horn-faced Mason Bee,Insecta,121508
269282159,ab208f99-381f-429c-b19f-de88d50dfde0,2025-04-08 09:12:08-04:00,2025-04-08,2025-04-08 13:12:08 UTC,Eastern Time (US & Canada),2025-04-08 13:23:48 UTC,https://www.inaturalist.org/observations/269282159,https://inaturalist-open-data.s3.amazonaws.com/photos/484152857/medium.jpg,40.8621365167,-77.2716956504,,,Union,Horn-faced Mason Bee,Osmia cornifrons,Horn-faced Mason Bee,Insecta,121508
271089740,245c4d62-2283-4310-a05f-d11646dcae13,2025/04/17 11:41 AM,2025-04-17,2025-04-17 15:41:00 UTC,Eastern Time (US & Canada),2025-04-17 21:24:09 UTC,https://www.inaturalist.org/observations/271089740,https://inaturalist-open-data.s3.amazonaws.com/photos/487595497/medium.jpeg,39.9522283397,-75.4355790084,,,Delaware,Horn-faced Mason Bee,Osmia cornifrons,Horn-faced Mason Bee,Insecta,121508
271342908,f0848695-5106-4add-8b71-e816b680e7c7,2025-04-18 11:18:46,2025-04-18,2025-04-18 15:18:46 UTC,Eastern Time (US & Canada),2025-04-19 01:22:42 UTC,https://www.inaturalist.org/observations/271342908,https://inaturalist-open-data.s3.amazonaws.com/photos/488079718/medium.jpg,40.4231533333,-79.9383083333,,,Allegheny,Horn-faced Mason Bee,Osmia cornifrons,Horn-faced Mason Bee,Insecta,121508
272537745,e4ab4ad7-734a-47c5-9b5d-f62805e4b2a7,2025-04-23 12:13:06,2025-04-23,2025-04-23 16:13:06 UTC,Eastern Time (US & Canada),2025-04-23 21:26:49 UTC,https://www.inaturalist.org/observations/272537745,https://inaturalist-open-data.s3.amazonaws.com/photos/490320547/medium.jpeg,41.2187517997,-75.8419805997,,,Luzerne,Blue Orchard Bee,Osmia lignaria,Blue Orchard Bee,Insecta,121507
272715978,40c97c57-d747-4710-aea4-49bda035f0b8,2025-04-24 11:28:06-04:00,2025-04-24,2025-04-24 15:28:06 UTC,Eastern Time (US & Canada),2025-04-24 16:22:17 UTC,https://www.inaturalist.org/observations/272715978,https://static.inaturalist.org/photos/490645837/medium.jpg,40.54248,-79.9061666667,,,Allegheny,Georgia Mason Bee,Osmia georgica,Georgia Mason Bee,Insecta,226669
273155939,d7888416-3776-4451-a846-89f9a98af187,2025-04-25 10:30:50,2025-04-25,2025-04-25 14:30:50 UTC,Eastern Time (US & Canada),2025-04-25 15:24:13 UTC,https://www.inaturalist.org/observations/273155939,https://inaturalist-open-data.s3.amazonaws.com/photos/491344006/medium.jpeg,40.0280611111,-79.0653805556,,,Somerset,Horn-faced Mason Bee,Osmia cornifrons,Horn-faced Mason Bee,Insecta,121508
276631869,386a2e0c-2660-4f51-afa6-09ed1cc02b66,2025-04-29 12:07:53,2025-04-29,2025-04-29 16:07:53 UTC,Eastern Time (US & Canada),2025-04-29 16:09:37 UTC,https://www.inaturalist.org/observations/276631869,https://static.inaturalist.org/photos/496757688/medium.jpg,40.37678567,-80.0904138205,,,Allegheny,Taurus Mason Bee,Osmia taurus,Taurus Mason Bee,Insecta,461507
277215355,57756d06-49d0-4227-b3f6-113bf93b4b82,2025/04/30 12:53 AM,2025-04-30,2025-04-30 04:53:00 UTC,Eastern Time (US & Canada),2025-05-01 01:27:02 UTC,https://www.inaturalist.org/observations/277215355,https://inaturalist-open-data.s3.amazonaws.com/photos/497779499/medium.jpeg,41.2459149,-75.8813075,,,Luzerne,Horn-faced Mason Bee,Osmia cornifrons,Horn-faced Mason Bee,Insecta,121508
277216504,bc1d214e-2478-40ef-881a-3198154e2b20,2025/04/30 3:30 AM,2025-04-30,2025-04-30 07:30:00 UTC,Eastern Time (US & Canada),2025-05-01 01:32:07 UTC,https://www.inaturalist.org/observations/277216504,https://inaturalist-open-data.s3.amazonaws.com/photos/497782682/medium.jpeg,41.1109712685,-76.1361088934,,,Luzerne,Taurus Mason Bee,Osmia taurus,Taurus Mason Bee,Insecta,461507
277764669,82254267-f8e5-4db9-a596-e028fbadebd1,2025/05/02 11:46 AM,2025-05-02,2025-05-02 15:46:00 UTC,Eastern Time (US & Canada),2025-05-02 16:47:14 UTC,https://www.inaturalist.org/observations/277764669,https://inaturalist-open-data.s3.amazonaws.com/photos/498746549/medium.jpeg,40.2834265301,-76.8349897977,,,Dauphin,Georgia Mason Bee,Osmia georgica,Georgia Mason Bee,Insecta,226669
277935121,893fbc21-fb64-4427-bf87-1bfb1d16f477,2025-05-01 17:00:32,2025-05-01,2025-05-01 21:00:32 UTC,Eastern Time (US & Canada),2025-05-03 04:13:04 UTC,https://www.inaturalist.org/observations/277935121,https://inaturalist-open-data.s3.amazonaws.com/photos/499056674/medium.jpeg,40.063385375,-75.8970972449,,,Chester,Georgia Mason Bee,Osmia georgica,Georgia Mason Bee,Insecta,226669
278454345,c4280680-dc27-4d23-90b7-ec1cf1b9a455,2025-05-04 11:59:38,2025-05-04,2025-05-04 15:59:38 UTC,Eastern Time (US & Canada),2025-05-04 16:53:06 UTC,https://www.inaturalist.org/observations/278454345,https://inaturalist-open-data.s3.amazonaws.com/photos/499983762/medium.jpg,41.4474027055,-75.6173559947,,,Lackawanna,Blue Orchard Bee,Osmia lignaria,Blue Orchard Bee,Insecta,121507
279060735,f99ece2a-612b-4afe-9e2c-41601bc28e2d,2025/04/18 2:28 PM,2025-04-18,2025-04-18 18:28:00 UTC,Eastern Time (US & Canada),2025-05-06 20:39:41 UTC,https://www.inaturalist.org/observations/279060735,https://inaturalist-open-data.s3.amazonaws.com/photos/501095930/medium.jpg,40.2664924881,-75.3852327419,,,Montgomery,Horn-faced Mason Bee,Osmia cornifrons,Horn-faced Mason Bee,Insecta,121508
279060736,05342731-4a9f-4658-83e7-d599fb905c01,2025/04/18 2:32 PM,2025-04-18,2025-04-18 18:32:00 UTC,Eastern Time (US & Canada),2025-05-06 20:39:41 UTC,https://www.inaturalist.org/observations/279060736,https://inaturalist-open-data.s3.amazonaws.com/photos/501096002/medium.jpg,40.2664060917,-75.3852163296,,,Montgomery,Horn-faced Mason Bee,Osmia cornifrons,Horn-faced Mason Bee,Insecta,121508
280086822,7224bcfd-b1aa-44e3-be7a-673ecaef3b41,2025-05-10 13:17:58,2025-05-10,2025-05-10 17:17:58 UTC,Eastern Time (US & Canada),2025-05-10 23:10:53 UTC,https://www.inaturalist.org/observations/280086822,https://inaturalist-open-data.s3.amazonaws.com/photos/503009376/medium.jpeg,40.5055061997,-80.4129300997,,,Beaver,Blue Orchard Bee,Osmia lignaria,Blue Orchard Bee,Insecta,121507
280670412,bb70bcef-515d-4188-9bcc-be6847387ac8,2025-05-12 13:09:48-04:00,2025-05-12,2025-05-12 17:09:48 UTC,Eastern Time (US & Canada),2025-05-13 00:55:59 UTC,https://www.inaturalist.org/observations/280670412,https://static.inaturalist.org/photos/504116363/medium.jpg,39.80303,-76.2904966667,,,Lancaster,Georgia Mason Bee,Osmia georgica,Georgia Mason Bee,Insecta,226669
